Close,Volume,date
93.27,33059.0,2022-02-04
91.11,33059.0,2022-02-03
89.47,38172.0,2022-02-02
91.29,36248.0,2022-02-01
91.21,10824.0,2022-01-31
90.03,15201.0,2022-01-28
89.34,15201.0,2022-01-27
89.96,29805.0,2022-01-26
88.2,34253.0,2022-01-25
86.27,34253.0,2022-01-24
87.89,29566.0,2022-01-21
88.38,30524.0,2022-01-20
88.44,37483.0,2022-01-19
87.51,45875.0,2022-01-18
86.06,31970.0,2022-01-14
84.47,27107.0,2022-01-13
84.67,32298.0,2022-01-12
83.72,37934.0,2022-01-11
80.87,30035.0,2022-01-10
81.75,29501.0,2022-01-07
81.99,41582.0,2022-01-06
80.8,35152.0,2022-01-05
80.0,31321.0,2022-01-04
78.98,27224.0,2022-01-03
79.2,21740.0,2021-12-31
79.32,476.0,2021-12-30
79.23,7057.0,2021-12-29
78.94,8523.0,2021-12-28
78.6,15723.0,2021-12-27
76.85,27624.0,2021-12-23
75.29,28541.0,2021-12-22
73.98,27386.0,2021-12-21
71.52,36842.0,2021-12-20
73.52,26087.0,2021-12-17
75.02,26965.0,2021-12-16
73.88,29294.0,2021-12-15
73.7,31237.0,2021-12-14
74.39,27562.0,2021-12-13
75.15,24682.0,2021-12-10
74.42,27715.0,2021-12-09
75.82,31080.0,2021-12-08
75.44,34533.0,2021-12-07
73.08,32294.0,2021-12-06
69.88,43639.0,2021-12-03
69.67,81072.0,2021-12-02
68.87,56808.0,2021-12-01
70.57,77840.0,2021-11-30
73.44,12507.0,2021-11-29
72.72,29171.0,2021-11-26
82.28,30734.0,2021-11-25
82.25,30734.0,2021-11-24
82.31,41865.0,2021-11-23
79.7,39085.0,2021-11-22
78.89,44180.0,2021-11-19
81.24,30490.0,2021-11-18
80.28,38038.0,2021-11-17
82.43,25767.0,2021-11-16
82.05,32804.0,2021-11-15
82.17,27167.0,2021-11-12
82.87,31162.0,2021-11-11
82.64,36273.0,2021-11-10
84.78,34996.0,2021-11-09
83.43,27655.0,2021-11-08
82.74,43130.0,2021-11-04
80.54,72626.0,2021-11-03
81.99,50062.0,2021-11-02
84.72,40105.0,2021-11-01
84.71,36245.0,2021-10-31
84.38,35155.0,2021-10-28
84.32,10576.0,2021-10-27
84.58,25643.0,2021-10-26
86.4,32042.0,2021-10-25
85.99,43061.0,2021-10-24
85.53,41174.0,2021-10-21
84.61,49004.0,2021-10-20
85.82,43107.0,2021-10-19
85.08,45141.0,2021-10-18
84.33,40153.0,2021-10-17
84.86,33044.0,2021-10-14
84.0,37348.0,2021-10-13
83.18,39594.0,2021-10-12
83.42,47351.0,2021-10-11
83.65,46216.0,2021-10-10
82.39,48729.0,2021-10-07
81.95,43830.0,2021-10-06
81.08,41389.0,2021-10-05
82.56,44439.0,2021-10-04
81.26,43286.0,2021-10-03
79.28,31697.0,2021-09-30
78.52,51076.0,2021-09-29
78.64,8319.0,2021-09-28
79.09,21656.0,2021-09-27
79.53,20799.0,2021-09-26
78.09,20417.0,2021-09-23
77.25,26832.0,2021-09-22
76.19,26605.0,2021-09-21
74.36,25140.0,2021-09-20
73.92,28251.0,2021-09-19
75.34,26771.0,2021-09-16
75.67,27363.0,2021-09-15
75.46,35197.0,2021-09-14
73.6,27690.0,2021-09-13
73.51,26510.0,2021-09-12
72.92,26654.0,2021-09-09
71.45,35106.0,2021-09-08
72.6,31671.0,2021-09-07
71.69,35294.0,2021-09-06
72.61,27095.0,2021-09-02
73.03,30185.0,2021-09-01
71.59,32339.0,2021-08-31
72.99,28933.0,2021-08-30
73.41,3291.0,2021-08-29
72.7,13316.0,2021-08-26
71.07,24373.0,2021-08-25
72.25,32345.0,2021-08-24
71.05,38685.0,2021-08-23
68.75,29582.0,2021-08-22
65.18,27104.0,2021-08-19
66.45,35816.0,2021-08-18
68.23,34264.0,2021-08-17
69.03,29163.0,2021-08-16
69.51,33537.0,2021-08-15
70.59,26874.0,2021-08-12
71.31,22952.0,2021-08-11
71.44,34214.0,2021-08-10
70.63,30525.0,2021-08-09
69.04,42738.0,2021-08-08
70.7,35762.0,2021-08-05
71.29,32444.0,2021-08-04
70.38,44616.0,2021-08-03
72.41,41458.0,2021-08-02
72.89,38106.0,2021-08-01
76.33,27919.0,2021-07-29
76.05,9158.0,2021-07-28
74.74,20863.0,2021-07-27
74.48,26028.0,2021-07-26
74.5,31628.0,2021-07-25
74.1,23724.0,2021-07-22
73.79,34425.0,2021-07-21
72.23,43341.0,2021-07-20
69.35,43067.0,2021-07-19
68.62,58659.0,2021-07-18
73.59,33536.0,2021-07-15
73.47,41748.0,2021-07-14
74.76,49772.0,2021-07-13
76.49,32219.0,2021-07-12
75.16,32255.0,2021-07-11
75.55,31967.0,2021-07-08
74.12,42366.0,2021-07-07
73.43,51166.0,2021-07-06
74.53,58679.0,2021-07-05
76.17,31167.0,2021-07-01
75.84,52210.0,2021-06-30
75.13,33596.0,2021-06-29
74.76,4089.0,2021-06-28
74.68,27711.0,2021-06-27
76.18,31417.0,2021-06-24
75.56,26664.0,2021-06-23
75.19,32883.0,2021-06-22
74.81,39381.0,2021-06-21
74.9,38734.0,2021-06-20
73.51,26417.0,2021-06-17
73.08,42085.0,2021-06-16
74.39,42294.0,2021-06-15
73.99,32191.0,2021-06-14
72.86,25816.0,2021-06-13
72.69,36538.0,2021-06-10
72.52,37080.0,2021-06-09
72.22,31013.0,2021-06-08
72.22,29742.0,2021-06-07
71.49,21019.0,2021-06-06
71.89,24006.0,2021-06-03
71.31,25178.0,2021-06-02
71.35,22202.0,2021-06-01
69.63,39925.0,2021-05-31
69.63,861.0,2021-05-27
69.46,6546.0,2021-05-26
68.87,21097.0,2021-05-25
68.65,20377.0,2021-05-24
68.46,29400.0,2021-05-23
66.44,33829.0,2021-05-20
65.11,35448.0,2021-05-19
66.66,42607.0,2021-05-18
68.71,43138.0,2021-05-17
69.46,26662.0,2021-05-16
68.71,31042.0,2021-05-13
67.05,38726.0,2021-05-12
69.32,31702.0,2021-05-11
68.55,40504.0,2021-05-10
68.32,31833.0,2021-05-09
68.28,29163.0,2021-05-06
68.09,25171.0,2021-05-05
68.96,32004.0,2021-05-04
67.29,27613.0,2021-05-02
67.25,1136.0,2021-04-29
68.56,10592.0,2021-04-28
67.27,24119.0,2021-04-27
66.42,33604.0,2021-04-26
65.65,27250.0,2021-04-25
66.11,22397.0,2021-04-22
65.4,26722.0,2021-04-21
65.32,32764.0,2021-04-20
66.57,40194.0,2021-04-19
67.05,19740.0,2021-04-18
66.77,24035.0,2021-04-15
66.94,23442.0,2021-04-14
66.58,35988.0,2021-04-13
63.67,26957.0,2021-04-12
63.28,36366.0,2021-04-11
62.95,29073.0,2021-04-08
63.2,32283.0,2021-04-07
63.16,42225.0,2021-04-06
62.74,44319.0,2021-04-05
62.15,37285.0,2021-04-04
63.6,66715.0,2021-03-31
63.54,257.0,2021-03-30
64.14,4695.0,2021-03-29
64.98,18231.0,2021-03-28
64.57,23364.0,2021-03-25
61.95,27894.0,2021-03-24
64.41,36451.0,2021-03-23
60.79,43200.0,2021-03-22
64.62,29644.0,2021-03-21
64.53,54241.0,2021-03-18
63.28,61688.0,2021-03-17
68.0,37607.0,2021-03-16
68.39,27321.0,2021-03-15
68.88,30212.0,2021-03-14
69.22,27364.0,2021-03-12
69.63,30629.0,2021-03-11
67.9,37089.0,2021-03-10
67.52,30989.0,2021-03-09
68.24,37511.0,2021-03-08
69.36,40754.0,2021-03-05
66.74,67790.0,2021-03-04
64.07,35401.0,2021-03-03
62.7,37996.0,2021-03-02
65.95,33869.0,2021-03-01
66.13,191.0,2021-02-26
66.88,11746.0,2021-02-25
67.04,27000.0,2021-02-24
65.37,34643.0,2021-02-23
65.24,32173.0,2021-02-22
62.91,54254.0,2021-02-19
63.93,43309.0,2021-02-18
64.34,47339.0,2021-02-17
63.35,65492.0,2021-02-16
62.43,36933.0,2021-02-12
61.14,26169.0,2021-02-11
61.47,28344.0,2021-02-10
61.09,31230.0,2021-02-09
60.56,21098.0,2021-02-08
59.34,23510.0,2021-02-05
58.84,24732.0,2021-02-04
58.46,34146.0,2021-02-03
57.46,34815.0,2021-02-02
55.88,34234.0,2021-02-01
55.88,1143.0,2021-01-29
55.53,6141.0,2021-01-28
55.81,20094.0,2021-01-27
55.91,19102.0,2021-01-26
55.88,24457.0,2021-01-25
55.41,33071.0,2021-01-22
56.1,22792.0,2021-01-21
56.08,33793.0,2021-01-20
55.9,36910.0,2021-01-19
55.1,30604.0,2021-01-15
56.42,33446.0,2021-01-14
56.06,32953.0,2021-01-13
56.58,27874.0,2021-01-12
55.66,33199.0,2021-01-11
55.99,37597.0,2021-01-08
54.38,30800.0,2021-01-07
54.3,49186.0,2021-01-06
53.6,62791.0,2021-01-05
51.09,50232.0,2021-01-04
51.34,18326.0,2020-12-30
51.09,5788.0,2020-12-29
50.86,9704.0,2020-12-28
51.29,11666.0,2020-12-24
51.2,18879.0,2020-12-23
50.08,22381.0,2020-12-22
50.91,33507.0,2020-12-21
52.26,24749.0,2020-12-18
51.5,24947.0,2020-12-17
51.08,25996.0,2020-12-16
50.76,24071.0,2020-12-15
50.29,28782.0,2020-12-14
49.97,25222.0,2020-12-11
50.25,30919.0,2020-12-10
48.86,36534.0,2020-12-09
48.84,27102.0,2020-12-08
48.79,23896.0,2020-12-07
49.25,31658.0,2020-12-04
48.71,36526.0,2020-12-03
48.25,35514.0,2020-12-02
47.61,31987.0,2020-12-01
47.59,524.0,2020-11-30
48.18,12454.0,2020-11-27
48.61,24897.0,2020-11-25
47.86,31692.0,2020-11-24
46.06,35378.0,2020-11-23
44.96,24489.0,2020-11-20
44.2,25836.0,2020-11-19
44.34,28668.0,2020-11-18
43.75,27858.0,2020-11-17
43.82,37770.0,2020-11-16
42.78,34737.0,2020-11-13
43.53,36578.0,2020-11-12
43.8,43047.0,2020-11-11
43.61,41973.0,2020-11-10
42.4,55156.0,2020-11-09
39.45,33078.0,2020-11-06
40.93,30961.0,2020-11-05
41.23,39329.0,2020-11-04
39.71,39534.0,2020-11-03
37.46,40454.0,2020-11-02
37.46,908.0,2020-10-29
37.65,14205.0,2020-10-28
39.12,21228.0,2020-10-27
41.2,26720.0,2020-10-26
40.46,28463.0,2020-10-25
41.77,26207.0,2020-10-22
42.46,30590.0,2020-10-21
41.73,31681.0,2020-10-20
43.16,31677.0,2020-10-19
42.62,26265.0,2020-10-18
42.93,24159.0,2020-10-15
43.16,40144.0,2020-10-14
43.32,28837.0,2020-10-13
42.45,22528.0,2020-10-12
41.72,24754.0,2020-10-11
42.85,26041.0,2020-10-08
43.34,33351.0,2020-10-07
41.99,30170.0,2020-10-06
42.65,37426.0,2020-10-05
41.29,30456.0,2020-10-04
39.27,37290.0,2020-10-01
40.96,36595.0,2020-09-30
40.95,517.0,2020-09-29
41.03,8209.0,2020-09-28
42.43,11999.0,2020-09-27
41.92,17141.0,2020-09-24
41.94,21940.0,2020-09-23
41.77,23779.0,2020-09-22
41.72,19914.0,2020-09-21
41.44,24298.0,2020-09-20
43.15,26032.0,2020-09-17
43.3,27245.0,2020-09-16
42.22,29327.0,2020-09-15
40.53,25333.0,2020-09-14
39.61,22118.0,2020-09-13
39.83,24576.0,2020-09-10
40.06,24171.0,2020-09-09
40.79,30286.0,2020-09-08
39.78,52172.0,2020-09-07
42.66,32210.0,2020-09-03
44.07,30615.0,2020-09-02
44.43,31416.0,2020-09-01
45.1,19914.0,2020-08-30
45.05,620.0,2020-08-27
45.09,10776.0,2020-08-26
45.64,16657.0,2020-08-25
45.86,23808.0,2020-08-24
45.13,21033.0,2020-08-23
44.35,25495.0,2020-08-20
44.9,24042.0,2020-08-19
45.37,18063.0,2020-08-18
45.46,18063.0,2020-08-17
45.37,19441.0,2020-08-16
44.8,16681.0,2020-08-13
44.96,13877.0,2020-08-12
45.43,16995.0,2020-08-11
44.5,19786.0,2020-08-10
44.99,13672.0,2020-08-09
44.4,20363.0,2020-08-06
45.09,23131.0,2020-08-05
45.17,29337.0,2020-08-04
44.43,27305.0,2020-08-03
43.26,26883.0,2020-08-02
43.3,519.0,2020-07-30
42.94,8373.0,2020-07-29
43.75,10911.0,2020-07-28
43.22,17828.0,2020-07-27
43.41,22507.0,2020-07-26
43.34,21918.0,2020-07-23
43.31,25759.0,2020-07-22
44.29,19676.0,2020-07-21
44.32,24167.0,2020-07-20
43.28,18019.0,2020-07-19
43.14,21774.0,2020-07-16
43.37,20484.0,2020-07-15
43.79,23596.0,2020-07-14
42.9,21724.0,2020-07-13
42.72,22911.0,2020-07-12
43.24,24083.0,2020-07-09
42.35,23249.0,2020-07-08
43.29,19171.0,2020-07-07
43.08,18827.0,2020-07-06
43.1,28969.0,2020-07-05
43.14,21825.0,2020-07-01
41.13,26731.0,2020-06-30
41.15,688.0,2020-06-29
41.71,9783.0,2020-06-28
41.02,13481.0,2020-06-25
41.05,32530.0,2020-06-24
40.31,28537.0,2020-06-23
42.63,27036.0,2020-06-22
43.08,24433.0,2020-06-21
42.19,34079.0,2020-06-18
41.51,31042.0,2020-06-17
40.71,29078.0,2020-06-16
40.96,35087.0,2020-06-15
39.72,30674.0,2020-06-14
38.73,29653.0,2020-06-11
38.55,36881.0,2020-06-10
41.73,23565.0,2020-06-09
41.18,26258.0,2020-06-08
40.8,28718.0,2020-06-07
42.3,28827.0,2020-06-04
39.99,22661.0,2020-06-03
39.79,34099.0,2020-06-02
39.57,27662.0,2020-06-01
35.32,26475.0,2020-05-31
35.33,334.0,2020-05-28
35.29,9367.0,2020-05-27
34.74,16676.0,2020-05-26
36.17,29328.0,2020-05-25
35.13,31482.0,2020-05-21
36.06,29933.0,2020-05-20
35.75,25571.0,2020-05-19
34.65,24952.0,2020-05-18
34.81,28869.0,2020-05-17
32.5,29410.0,2020-05-14
31.13,25953.0,2020-05-13
29.19,25072.0,2020-05-12
29.98,25820.0,2020-05-11
29.63,33638.0,2020-05-10
30.97,20277.0,2020-05-07
29.46,36701.0,2020-05-06
29.72,37505.0,2020-05-05
30.97,38518.0,2020-05-04
27.2,30309.0,2020-05-03
25.29,28681.0,2020-04-30
25.27,1596.0,2020-04-29
22.54,14425.0,2020-04-28
20.46,21996.0,2020-04-27
19.99,25906.0,2020-04-26
21.44,36158.0,2020-04-23
21.33,44993.0,2020-04-22
20.37,51051.0,2020-04-21
19.33,83111.0,2020-04-20
25.57,46467.0,2020-04-19
28.08,44417.0,2020-04-16
27.82,30922.0,2020-04-15
27.69,32129.0,2020-04-14
29.6,32146.0,2020-04-13
31.74,28098.0,2020-04-12
31.48,48214.0,2020-04-08
32.84,39293.0,2020-04-07
31.87,36246.0,2020-04-06
33.05,36779.0,2020-04-05
34.11,55373.0,2020-04-02
29.94,65518.0,2020-04-01
22.76,43466.0,2020-03-31
22.74,717.0,2020-03-30
22.76,9112.0,2020-03-29
24.93,23547.0,2020-03-26
26.34,26819.0,2020-03-25
27.39,27352.0,2020-03-24
27.15,30946.0,2020-03-23
27.03,31642.0,2020-03-22
26.98,51866.0,2020-03-19
28.47,41724.0,2020-03-18
24.88,47500.0,2020-03-17
28.73,32969.0,2020-03-16
30.05,43527.0,2020-03-15
33.85,50707.0,2020-03-12
33.22,67484.0,2020-03-11
35.79,60513.0,2020-03-10
37.22,67054.0,2020-03-09
34.36,76517.0,2020-03-08
45.27,69464.0,2020-03-06
49.99,39679.0,2020-03-05
51.13,39712.0,2020-03-04
51.86,42862.0,2020-03-03
50.48,47286.0,2020-03-02
50.52,1149.0,2020-02-28
52.18,9616.0,2020-02-27
53.43,26216.0,2020-02-26
54.95,27751.0,2020-02-25
56.3,28258.0,2020-02-24
58.5,39006.0,2020-02-21
59.31,34207.0,2020-02-20
59.12,36217.0,2020-02-19
57.75,47337.0,2020-02-18
57.32,41913.0,2020-02-14
56.34,48775.0,2020-02-13
55.79,43350.0,2020-02-12
54.01,36294.0,2020-02-11
53.27,35920.0,2020-02-10
54.47,43796.0,2020-02-07
54.93,50605.0,2020-02-06
55.28,56117.0,2020-02-05
53.96,52393.0,2020-02-04
58.2,66338.0,2020-02-03
58.16,578.0,2020-01-31
58.29,17435.0,2020-01-30
59.81,21453.0,2020-01-29
59.51,41537.0,2020-01-28
59.32,39367.0,2020-01-27
60.69,43263.0,2020-01-24
62.04,43330.0,2020-01-23
63.21,35127.0,2020-01-22
64.59,50484.0,2020-01-21
64.85,35541.0,2020-01-17
64.62,38391.0,2020-01-16
64.0,34164.0,2020-01-15
64.49,34682.0,2020-01-14
64.2,35430.0,2020-01-13
64.98,46595.0,2020-01-10
65.37,50520.0,2020-01-09
65.44,85232.0,2020-01-08
68.27,41178.0,2020-01-07
68.91,51933.0,2020-01-06
68.6,78848.0,2020-01-03
66.25,25810.0,2020-01-02
68.38,30892.0,2019-12-31
68.44,2919.0,2019-12-30
68.16,8223.0,2019-12-27
67.92,10745.0,2019-12-26
67.2,18562.0,2019-12-24
66.39,21599.0,2019-12-23
66.14,33986.0,2019-12-20
66.54,29280.0,2019-12-19
66.17,31943.0,2019-12-18
66.1,35092.0,2019-12-17
65.34,31476.0,2019-12-16
65.22,34575.0,2019-12-13
64.2,32866.0,2019-12-12
63.72,31647.0,2019-12-11
64.34,31170.0,2019-12-10
64.25,32410.0,2019-12-09
64.39,43303.0,2019-12-06
63.39,38903.0,2019-12-05
63.0,41730.0,2019-12-04
60.82,32863.0,2019-12-03
62.4,39023.0,2019-12-02
62.43,3149.0,2019-11-29
64.06,15263.0,2019-11-27
64.27,23433.0,2019-11-26
63.65,25178.0,2019-11-25
63.39,33785.0,2019-11-22
63.97,36374.0,2019-11-21
62.4,39331.0,2019-11-20
60.91,32258.0,2019-11-19
62.44,29294.0,2019-11-18
63.3,32240.0,2019-11-15
62.28,27803.0,2019-11-14
62.37,33278.0,2019-11-13
62.06,30687.0,2019-11-12
62.18,23316.0,2019-11-11
62.51,34325.0,2019-11-08
62.29,33158.0,2019-11-07
61.74,34901.0,2019-11-06
62.96,27103.0,2019-11-05
62.13,28961.0,2019-11-04
60.21,28361.0,2019-10-31
60.23,1389.0,2019-10-30
60.61,13275.0,2019-10-29
61.59,16903.0,2019-10-28
61.57,24870.0,2019-10-27
62.02,31392.0,2019-10-24
61.67,35367.0,2019-10-23
61.17,37010.0,2019-10-22
59.7,37803.0,2019-10-21
58.96,35588.0,2019-10-20
59.42,33528.0,2019-10-17
59.91,44951.0,2019-10-16
59.42,43443.0,2019-10-15
58.74,49695.0,2019-10-14
59.35,39154.0,2019-10-13
60.51,51613.0,2019-10-10
59.1,36561.0,2019-10-09
58.32,36036.0,2019-10-08
58.24,38868.0,2019-10-07
58.35,28765.0,2019-10-06
58.37,41717.0,2019-10-03
57.71,49093.0,2019-10-02
57.69,40386.0,2019-10-01
60.75,41174.0,2019-09-30
60.78,801.0,2019-09-29
61.91,9063.0,2019-09-26
62.74,11043.0,2019-09-25
62.39,25272.0,2019-09-24
63.1,30503.0,2019-09-23
64.77,25895.0,2019-09-22
64.28,23355.0,2019-09-19
64.4,36971.0,2019-09-18
63.6,37459.0,2019-09-17
64.55,87185.0,2019-09-16
69.02,69899.0,2019-09-15
60.22,26153.0,2019-09-12
60.38,44952.0,2019-09-11
60.81,37485.0,2019-09-10
62.38,32170.0,2019-09-09
62.59,31505.0,2019-09-08
61.54,37585.0,2019-09-05
60.95,37813.0,2019-09-04
60.7,36192.0,2019-09-03
58.26,51149.0,2019-09-02
60.43,41940.0,2019-08-29
61.08,10658.0,2019-08-28
60.49,17141.0,2019-08-27
59.51,30198.0,2019-08-26
58.7,26628.0,2019-08-25
59.34,41613.0,2019-08-22
59.92,33800.0,2019-08-21
60.3,33717.0,2019-08-20
60.03,30782.0,2019-08-19
59.74,30652.0,2019-08-18
58.64,25244.0,2019-08-15
58.23,45864.0,2019-08-14
59.48,45545.0,2019-08-13
61.3,45522.0,2019-08-12
58.57,30960.0,2019-08-11
58.53,34015.0,2019-08-08
57.38,36965.0,2019-08-07
56.23,52628.0,2019-08-06
58.94,34335.0,2019-08-05
59.81,47722.0,2019-08-04
61.89,47421.0,2019-08-01
65.19,63060.0,2019-07-31
65.17,893.0,2019-07-30
64.72,11005.0,2019-07-29
63.71,14517.0,2019-07-28
63.46,26232.0,2019-07-25
63.39,27929.0,2019-07-24
63.18,42616.0,2019-07-23
63.83,31220.0,2019-07-22
63.26,33851.0,2019-07-21
62.47,36709.0,2019-07-18
61.93,48628.0,2019-07-17
63.66,34392.0,2019-07-16
64.35,41087.0,2019-07-15
66.48,35583.0,2019-07-14
66.72,31996.0,2019-07-11
66.52,37676.0,2019-07-10
67.01,40838.0,2019-07-09
64.16,28731.0,2019-07-08
64.11,29582.0,2019-07-07
64.23,34614.0,2019-07-04
63.82,35881.0,2019-07-03
62.4,47774.0,2019-07-01
66.5,46308.0,2019-06-30
66.55,1810.0,2019-06-27
66.55,13127.0,2019-06-26
66.49,26217.0,2019-06-25
65.05,37722.0,2019-06-24
64.86,39427.0,2019-06-23
65.2,51282.0,2019-06-20
64.45,64896.0,2019-06-19
61.82,51499.0,2019-06-18
62.14,46430.0,2019-06-17
60.94,46699.0,2019-06-16
62.01,38166.0,2019-06-13
61.31,72728.0,2019-06-12
59.97,47691.0,2019-06-11
62.29,41448.0,2019-06-10
62.29,34096.0,2019-06-09
63.29,44888.0,2019-06-06
61.67,51701.0,2019-06-05
60.63,67012.0,2019-06-04
61.97,58666.0,2019-06-03
64.45,60640.0,2019-06-02
64.49,1168.0,2019-05-30
66.87,19076.0,2019-05-29
69.45,32769.0,2019-05-28
70.11,65297.0,2019-05-27
68.69,66452.0,2019-05-23
67.76,80487.0,2019-05-22
70.99,57458.0,2019-05-21
72.18,55652.0,2019-05-20
71.97,48963.0,2019-05-19
72.21,43365.0,2019-05-16
72.62,56835.0,2019-05-15
71.77,48596.0,2019-05-14
71.24,57905.0,2019-05-13
70.23,62747.0,2019-05-12
70.62,50395.0,2019-05-09
70.39,46554.0,2019-05-08
70.37,45312.0,2019-05-07
69.88,48729.0,2019-05-06
71.24,36208.0,2019-05-05
70.85,39000.0,2019-05-02
70.75,51722.0,2019-05-01
72.79,32617.0,2019-04-30
72.8,1021.0,2019-04-29
72.04,16694.0,2019-04-28
72.15,32803.0,2019-04-25
74.35,62237.0,2019-04-24
74.57,46326.0,2019-04-23
74.51,50165.0,2019-04-22
74.04,48893.0,2019-04-21
71.97,38122.0,2019-04-17
71.62,40910.0,2019-04-16
71.72,43907.0,2019-04-15
71.18,28582.0,2019-04-14
71.55,32729.0,2019-04-11
70.83,39968.0,2019-04-10
71.73,46506.0,2019-04-09
70.61,37189.0,2019-04-08
71.1,40966.0,2019-04-07
70.34,36491.0,2019-04-04
69.4,37531.0,2019-04-03
69.31,46550.0,2019-04-02
69.37,46166.0,2019-04-01
68.35,49439.0,2019-03-31
68.39,1377.0,2019-03-28
67.82,11876.0,2019-03-27
67.83,26692.0,2019-03-26
67.97,38187.0,2019-03-25
67.21,36691.0,2019-03-24
67.03,45565.0,2019-03-21
67.86,35417.0,2019-03-20
68.5,35132.0,2019-03-19
67.61,30329.0,2019-03-18
67.54,31752.0,2019-03-17
67.16,34969.0,2019-03-14
67.23,32817.0,2019-03-13
67.55,36739.0,2019-03-12
66.67,37897.0,2019-03-11
66.58,37538.0,2019-03-10
65.74,49867.0,2019-03-08
66.3,35738.0,2019-03-07
65.99,41210.0,2019-03-06
65.86,28346.0,2019-03-05
65.67,28931.0,2019-03-04
66.01,38355.0,2019-03-01
66.03,1028.0,2019-02-28
66.39,10200.0,2019-02-27
65.21,18661.0,2019-02-26
64.76,31914.0,2019-02-25
67.12,23973.0,2019-02-22
67.07,27113.0,2019-02-21
67.08,29155.0,2019-02-20
66.45,46238.0,2019-02-19
66.25,36154.0,2019-02-15
64.57,39526.0,2019-02-14
63.61,33859.0,2019-02-13
62.42,36801.0,2019-02-12
61.51,35285.0,2019-02-11
62.1,36111.0,2019-02-08
61.63,33982.0,2019-02-07
62.69,26542.0,2019-02-06
61.98,27285.0,2019-02-05
62.51,36025.0,2019-02-04
61.87,30044.0,2019-02-01
61.89,1288.0,2019-01-31
61.65,12039.0,2019-01-30
61.32,18715.0,2019-01-29
59.93,34315.0,2019-01-28
61.64,30262.0,2019-01-25
61.09,35861.0,2019-01-24
61.14,35364.0,2019-01-23
61.5,53602.0,2019-01-22
62.7,39637.0,2019-01-18
61.18,30131.0,2019-01-17
61.32,32025.0,2019-01-16
60.64,29948.0,2019-01-15
58.99,31241.0,2019-01-14
60.48,31369.0,2019-01-11
61.68,31333.0,2019-01-10
61.44,38989.0,2019-01-09
58.72,34135.0,2019-01-08
57.33,41677.0,2019-01-07
57.06,42426.0,2019-01-04
55.95,36535.0,2019-01-03
54.91,43517.0,2019-01-02
52.28,21966.0,2018-12-31
52.2,1332.0,2018-12-28
52.16,8946.0,2018-12-27
54.47,16444.0,2018-12-26
50.47,19160.0,2018-12-24
53.82,40930.0,2018-12-21
54.35,40553.0,2018-12-20
57.24,47399.0,2018-12-19
56.26,41690.0,2018-12-18
59.61,32165.0,2018-12-17
60.28,24871.0,2018-12-14
61.45,29600.0,2018-12-13
60.15,31651.0,2018-12-12
60.2,31823.0,2018-12-11
59.97,34114.0,2018-12-10
61.67,59861.0,2018-12-07
60.06,60772.0,2018-12-06
62.08,35475.0,2018-12-04
58.69,33207.0,2018-12-03
58.71,1071.0,2018-11-30
59.51,8794.0,2018-11-29
58.76,18435.0,2018-11-28
60.21,47106.0,2018-11-27
60.48,35607.0,2018-11-26
58.8,56080.0,2018-11-23
63.48,41292.0,2018-11-21
62.53,44030.0,2018-11-20
66.79,29353.0,2018-11-19
66.76,37139.0,2018-11-16
66.62,35140.0,2018-11-15
66.12,47372.0,2018-11-14
65.47,56981.0,2018-11-13
70.12,39814.0,2018-11-12
70.18,32611.0,2018-11-09
70.65,39896.0,2018-11-08
72.07,36648.0,2018-11-07
72.13,32871.0,2018-11-06
73.17,28438.0,2018-11-05
72.83,36090.0,2018-11-01
75.5,33938.0,2018-10-31
75.47,2451.0,2018-10-30
75.91,19196.0,2018-10-29
77.34,17057.0,2018-10-28
77.62,33549.0,2018-10-25
76.89,33325.0,2018-10-24
76.17,57413.0,2018-10-23
76.44,60226.0,2018-10-22
79.83,37080.0,2018-10-21
79.78,34401.0,2018-10-18
79.29,41270.0,2018-10-17
80.05,38202.0,2018-10-16
81.41,33816.0,2018-10-15
80.78,31577.0,2018-10-14
80.43,37537.0,2018-10-11
80.26,48195.0,2018-10-10
83.09,31715.0,2018-10-09
85.0,39232.0,2018-10-08
83.91,31603.0,2018-10-07
84.16,27778.0,2018-10-04
84.58,35552.0,2018-10-03
86.29,31424.0,2018-10-02
84.8,25338.0,2018-10-01
82.67,34024.0,2018-09-30
82.72,2279.0,2018-09-27
81.72,14317.0,2018-09-26
81.34,17271.0,2018-09-25
81.87,30081.0,2018-09-24
81.2,21939.0,2018-09-23
78.8,36594.0,2018-09-20
78.7,22855.0,2018-09-19
79.4,19118.0,2018-09-18
79.03,22637.0,2018-09-17
78.05,21749.0,2018-09-16
78.09,24296.0,2018-09-13
78.18,28501.0,2018-09-12
79.74,29906.0,2018-09-11
79.06,29921.0,2018-09-10
77.37,23036.0,2018-09-09
76.83,17798.0,2018-09-06
76.5,31739.0,2018-09-05
77.27,27811.0,2018-09-04
78.17,36059.0,2018-09-03
77.42,17690.0,2018-08-30
77.77,9125.0,2018-08-29
77.14,8895.0,2018-08-28
75.95,17281.0,2018-08-27
76.21,9993.0,2018-08-26
75.82,19745.0,2018-08-23
74.73,14222.0,2018-08-22
74.78,19801.0,2018-08-21
72.63,15578.0,2018-08-20
72.21,18514.0,2018-08-19
71.83,15051.0,2018-08-16
71.43,18403.0,2018-08-15
70.76,25245.0,2018-08-14
72.46,20737.0,2018-08-13
72.61,17644.0,2018-08-12
72.81,16195.0,2018-08-09
72.07,15939.0,2018-08-08
72.28,23735.0,2018-08-07
74.65,18289.0,2018-08-06
73.75,20253.0,2018-08-05
73.21,15946.0,2018-08-02
73.45,21038.0,2018-08-01
74.25,23660.0,2018-07-31
74.25,1463.0,2018-07-30
74.97,9053.0,2018-07-29
74.29,15109.0,2018-07-26
74.54,26293.0,2018-07-25
73.93,25329.0,2018-07-24
73.44,21747.0,2018-07-23
73.06,29479.0,2018-07-22
73.07,24861.0,2018-07-19
72.58,31672.0,2018-07-18
72.9,25625.0,2018-07-17
72.16,28197.0,2018-07-16
71.84,27134.0,2018-07-15
75.33,27308.0,2018-07-12
74.45,46443.0,2018-07-11
73.4,48913.0,2018-07-10
78.86,19767.0,2018-07-09
78.07,14925.0,2018-07-08
77.11,25487.0,2018-07-05
77.39,27678.0,2018-07-04
77.76,22785.0,2018-07-03
79.41,30859.0,2018-07-01
79.44,1182.0,2018-06-28
77.85,14662.0,2018-06-27
77.62,24472.0,2018-06-26
76.31,41470.0,2018-06-25
74.73,41565.0,2018-06-24
75.55,59882.0,2018-06-21
73.05,49077.0,2018-06-20
74.74,47160.0,2018-06-19
75.08,33282.0,2018-06-18
75.34,31861.0,2018-06-17
73.44,30144.0,2018-06-14
75.94,24181.0,2018-06-13
76.74,30468.0,2018-06-12
75.88,26330.0,2018-06-11
76.46,22516.0,2018-06-10
76.46,21902.0,2018-06-07
77.32,36710.0,2018-06-06
75.36,37262.0,2018-06-05
75.38,43436.0,2018-06-04
75.29,31642.0,2018-06-03
77.59,35684.0,2018-05-31
77.59,1039.0,2018-05-30
77.5,9673.0,2018-05-29
75.39,19800.0,2018-05-28
76.44,42387.0,2018-05-24
78.79,25431.0,2018-05-23
79.8,30786.0,2018-05-22
79.57,29522.0,2018-05-21
79.22,19520.0,2018-05-20
78.51,30828.0,2018-05-17
79.3,38385.0,2018-05-16
79.28,31226.0,2018-05-15
78.43,41100.0,2018-05-14
78.23,29917.0,2018-05-13
77.12,25651.0,2018-05-10
77.47,32445.0,2018-05-09
77.21,34902.0,2018-05-08
74.85,50813.0,2018-05-07
76.17,21266.0,2018-05-06
74.87,30457.0,2018-05-03
73.62,35839.0,2018-05-02
73.36,34769.0,2018-05-01
75.17,39208.0,2018-04-30
75.17,1630.0,2018-04-29
74.64,15535.0,2018-04-26
74.74,26826.0,2018-04-25
74.0,38845.0,2018-04-24
73.86,46897.0,2018-04-23
74.71,41835.0,2018-04-22
74.06,32478.0,2018-04-19
73.78,37579.0,2018-04-18
73.48,34300.0,2018-04-17
71.58,36784.0,2018-04-16
71.42,33532.0,2018-04-15
72.58,36895.0,2018-04-12
72.02,38029.0,2018-04-11
72.06,50064.0,2018-04-10
71.04,45123.0,2018-04-09
68.65,23967.0,2018-04-08
67.11,30749.0,2018-04-05
68.33,28888.0,2018-04-04
68.02,39674.0,2018-04-03
70.14,22815.0,2018-04-01
70.27,1216.0,2018-03-28
69.53,16988.0,2018-03-27
70.11,15583.0,2018-03-26
70.12,28882.0,2018-03-25
70.45,49285.0,2018-03-22
68.91,37699.0,2018-03-21
69.47,43370.0,2018-03-20
67.42,35782.0,2018-03-19
66.05,28050.0,2018-03-18
66.21,29187.0,2018-03-15
65.12,22542.0,2018-03-14
64.89,29439.0,2018-03-13
64.64,34247.0,2018-03-12
64.95,19165.0,2018-03-11
65.49,33619.0,2018-03-09
63.61,44008.0,2018-03-08
64.34,36313.0,2018-03-07
65.79,24251.0,2018-03-06
65.54,31209.0,2018-03-05
64.37,39587.0,2018-03-02
65.71,44819.0,2018-03-01
65.78,1241.0,2018-02-28
66.63,9005.0,2018-02-27
67.5,20385.0,2018-02-26
67.31,20948.0,2018-02-23
66.39,29052.0,2018-02-22
65.42,26015.0,2018-02-21
65.25,34029.0,2018-02-20
64.84,27034.0,2018-02-16
64.33,36176.0,2018-02-15
64.36,40865.0,2018-02-14
62.72,38693.0,2018-02-13
62.59,33192.0,2018-02-12
62.79,34853.0,2018-02-09
64.81,37936.0,2018-02-08
65.51,56412.0,2018-02-07
66.86,32169.0,2018-02-06
67.62,32399.0,2018-02-05
68.58,27547.0,2018-02-02
69.08,29317.0,2018-02-01
69.05,1494.0,2018-01-31
69.02,12571.0,2018-01-30
69.46,17623.0,2018-01-29
70.52,30361.0,2018-01-26
70.42,24111.0,2018-01-25
70.53,23732.0,2018-01-24
69.96,23749.0,2018-01-23
69.03,23250.0,2018-01-22
68.61,22077.0,2018-01-19
69.31,20117.0,2018-01-18
69.38,20500.0,2018-01-17
69.15,33284.0,2018-01-16
69.87,23032.0,2018-01-12
69.26,33268.0,2018-01-11
69.2,21538.0,2018-01-10
68.82,25548.0,2018-01-09
67.78,17704.0,2018-01-08
67.62,18290.0,2018-01-05
68.07,22840.0,2018-01-04
67.84,25878.0,2018-01-03
66.57,24294.0,2018-01-02
66.6,12234.0,2017-12-29
66.72,2057.0,2017-12-28
66.44,11890.0,2017-12-27
67.02,9850.0,2017-12-26
65.25,14337.0,2017-12-22
64.9,17911.0,2017-12-21
64.56,26006.0,2017-12-20
63.8,22157.0,2017-12-19
63.41,20560.0,2017-12-18
63.23,21478.0,2017-12-15
63.31,29866.0,2017-12-14
62.44,34080.0,2017-12-13
63.34,55976.0,2017-12-12
64.69,44515.0,2017-12-11
63.4,28508.0,2017-12-08
62.2,19281.0,2017-12-07
61.22,25263.0,2017-12-06
62.86,21380.0,2017-12-05
62.45,27437.0,2017-12-04
63.49,28073.0,2017-12-01
63.57,2034.0,2017-11-30
63.11,10166.0,2017-11-29
63.61,15235.0,2017-11-28
63.84,22019.0,2017-11-27
63.86,21047.0,2017-11-24
63.32,29926.0,2017-11-22
62.57,30389.0,2017-11-21
62.22,23428.0,2017-11-20
62.72,30936.0,2017-11-17
61.36,28684.0,2017-11-16
61.87,27356.0,2017-11-15
62.21,46259.0,2017-11-14
63.16,29816.0,2017-11-13
63.52,24446.0,2017-11-10
63.93,24929.0,2017-11-09
63.49,41527.0,2017-11-08
63.69,34317.0,2017-11-07
64.27,32269.0,2017-11-06
62.07,25695.0,2017-11-02
60.62,27721.0,2017-11-01
61.29,30560.0,2017-10-31
61.37,1113.0,2017-10-30
60.9,14987.0,2017-10-29
60.44,15873.0,2017-10-26
59.3,26572.0,2017-10-25
58.44,26265.0,2017-10-24
58.33,32802.0,2017-10-23
57.37,25947.0,2017-10-22
57.75,28185.0,2017-10-19
57.23,29999.0,2017-10-18
58.15,25606.0,2017-10-17
57.88,31599.0,2017-10-16
57.82,22799.0,2017-10-15
57.17,23433.0,2017-10-12
56.25,22286.0,2017-10-11
56.94,21840.0,2017-10-10
56.61,21094.0,2017-10-09
55.79,23056.0,2017-10-08
55.62,33642.0,2017-10-05
57.0,32050.0,2017-10-04
55.8,25898.0,2017-10-03
56.0,21948.0,2017-10-02
57.46,19371.0,2017-10-01
57.54,917.0,2017-09-28
57.41,7005.0,2017-09-27
57.9,15305.0,2017-09-26
58.44,28328.0,2017-09-25
59.02,23811.0,2017-09-24
56.86,18348.0,2017-09-21
56.43,23549.0,2017-09-20
56.29,27031.0,2017-09-19
55.14,19337.0,2017-09-18
55.48,23767.0,2017-09-17
55.62,22004.0,2017-09-14
55.47,27549.0,2017-09-13
55.16,24868.0,2017-09-12
54.27,22720.0,2017-09-11
53.84,30263.0,2017-09-10
53.78,28912.0,2017-09-07
54.49,34793.0,2017-09-06
54.2,30783.0,2017-09-05
53.38,24873.0,2017-09-04
52.32,43495.0,2017-08-31
52.38,9938.0,2017-08-30
50.86,20366.0,2017-08-29
52.0,20366.0,2017-08-28
51.89,23706.0,2017-08-27
52.41,32957.0,2017-08-24
52.04,38326.0,2017-08-23
52.57,31540.0,2017-08-22
51.87,36291.0,2017-08-21
51.66,33088.0,2017-08-20
52.72,41235.0,2017-08-17
51.03,43863.0,2017-08-16
50.27,33911.0,2017-08-15
50.8,35111.0,2017-08-14
50.73,29797.0,2017-08-13
52.1,25318.0,2017-08-10
51.9,52899.0,2017-08-09
52.7,26143.0,2017-08-08
52.14,24795.0,2017-08-07
52.37,29496.0,2017-08-06
52.42,26969.0,2017-08-03
52.01,34779.0,2017-08-02
52.36,34625.0,2017-08-01
52.63,33859.0,2017-07-31
52.65,844.0,2017-07-30
52.52,12631.0,2017-07-27
51.49,21851.0,2017-07-26
50.97,26137.0,2017-07-25
50.2,27529.0,2017-07-24
48.6,25408.0,2017-07-23
48.06,27053.0,2017-07-20
49.3,26566.0,2017-07-19
49.7,20340.0,2017-07-18
48.84,20301.0,2017-07-17
48.42,17905.0,2017-07-16
48.91,22014.0,2017-07-13
48.42,22846.0,2017-07-12
47.74,31345.0,2017-07-11
47.52,22689.0,2017-07-10
46.88,21447.0,2017-07-09
46.71,28644.0,2017-07-06
48.11,25556.0,2017-07-05
47.79,40863.0,2017-07-04
47.87,17462.0,2017-07-03
47.92,785.0,2017-06-29
47.42,9980.0,2017-06-28
47.31,13352.0,2017-06-27
46.65,29887.0,2017-06-26
45.83,22998.0,2017-06-25
45.54,27319.0,2017-06-22
45.22,28351.0,2017-06-21
44.82,40210.0,2017-06-20
46.02,30670.0,2017-06-19
46.91,19703.0,2017-06-18
47.37,19728.0,2017-06-15
46.92,26749.0,2017-06-14
47.0,44939.0,2017-06-13
48.72,26775.0,2017-06-12
48.29,28229.0,2017-06-11
48.15,29536.0,2017-06-08
47.86,40901.0,2017-06-07
48.06,50234.0,2017-06-06
50.12,41397.0,2017-06-05
49.47,38387.0,2017-06-04
49.95,44207.0,2017-06-01
50.33,43640.0,2017-05-31
50.31,545.0,2017-05-30
51.84,18705.0,2017-05-29
52.15,28004.0,2017-05-25
51.46,72089.0,2017-05-24
53.96,52627.0,2017-05-23
54.15,39671.0,2017-05-22
53.87,41324.0,2017-05-21
53.61,34681.0,2017-05-18
52.51,41239.0,2017-05-17
52.21,32800.0,2017-05-16
51.65,29359.0,2017-05-15
51.82,31972.0,2017-05-14
50.84,29339.0,2017-05-11
50.77,31243.0,2017-05-10
50.22,37961.0,2017-05-09
48.73,33410.0,2017-05-08
49.34,35179.0,2017-05-07
49.1,54485.0,2017-05-04
48.38,52061.0,2017-05-03
50.79,34131.0,2017-05-02
51.66,38556.0,2017-04-30
51.73,1007.0,2017-04-27
51.44,20588.0,2017-04-26
51.82,24549.0,2017-04-25
52.1,31348.0,2017-04-24
51.6,27284.0,2017-04-23
51.96,36665.0,2017-04-20
52.99,48381.0,2017-04-19
52.93,43655.0,2017-04-18
54.89,38436.0,2017-04-17
55.36,18101.0,2017-04-16
55.89,27171.0,2017-04-12
55.86,33978.0,2017-04-11
56.23,32054.0,2017-04-10
55.98,29224.0,2017-04-09
55.24,34387.0,2017-04-06
54.89,21011.0,2017-04-05
54.36,33157.0,2017-04-04
54.17,27204.0,2017-04-03
52.73,18746.0,2017-04-02
52.83,605.0,2017-03-30
52.96,14493.0,2017-03-29
52.42,17105.0,2017-03-28
51.33,27375.0,2017-03-27
50.75,27398.0,2017-03-26
50.8,27105.0,2017-03-23
50.56,35569.0,2017-03-22
50.64,39102.0,2017-03-21
50.96,30377.0,2017-03-20
51.62,25177.0,2017-03-19
51.76,20151.0,2017-03-16
51.74,28932.0,2017-03-15
51.81,36290.0,2017-03-14
50.92,49660.0,2017-03-13
51.35,28880.0,2017-03-12
51.37,41261.0,2017-03-10
52.19,61215.0,2017-03-09
53.11,43000.0,2017-03-08
55.92,28162.0,2017-03-07
56.01,25402.0,2017-03-06
55.9,24688.0,2017-03-03
55.08,34925.0,2017-03-02
55.6,25932.0,2017-03-01
55.59,685.0,2017-02-28
55.93,10972.0,2017-02-27
55.99,18720.0,2017-02-24
56.58,36155.0,2017-02-23
55.84,36358.0,2017-02-22
56.66,57648.0,2017-02-21
55.81,27599.0,2017-02-17
55.65,32712.0,2017-02-16
55.75,26608.0,2017-02-15
55.97,25975.0,2017-02-14
55.59,25049.0,2017-02-13
56.7,30763.0,2017-02-10
55.63,29628.0,2017-02-09
55.12,44864.0,2017-02-08
55.05,32659.0,2017-02-07
55.72,26706.0,2017-02-06
56.81,26703.0,2017-02-03
56.56,31371.0,2017-02-02
55.66,34772.0,2017-02-01
55.7,578.0,2017-01-31
55.23,9982.0,2017-01-30
55.52,20964.0,2017-01-27
56.24,45145.0,2017-01-26
55.08,34247.0,2017-01-25
55.44,32411.0,2017-01-24
55.23,33859.0,2017-01-23
55.49,29231.0,2017-01-20
54.16,33327.0,2017-01-19
53.92,40148.0,2017-01-18
55.47,44899.0,2017-01-17
55.45,25417.0,2017-01-13
56.01,36424.0,2017-01-12
55.1,45944.0,2017-01-11
53.64,33801.0,2017-01-10
54.94,25860.0,2017-01-09
57.1,24948.0,2017-01-06
56.89,32833.0,2017-01-05
56.46,27804.0,2017-01-04
55.47,42688.0,2017-01-03
56.13,13775.0,2016-12-30
56.14,595.0,2016-12-29
56.22,10677.0,2016-12-28
56.09,8294.0,2016-12-27
55.16,15503.0,2016-12-23
55.05,30938.0,2016-12-22
54.46,31242.0,2016-12-21
55.35,37241.0,2016-12-20
54.92,30608.0,2016-12-19
55.21,31303.0,2016-12-16
54.02,34744.0,2016-12-15
53.9,39813.0,2016-12-14
55.72,38210.0,2016-12-13
55.69,45732.0,2016-12-12
54.33,30445.0,2016-12-09
53.89,44044.0,2016-12-08
53.0,34297.0,2016-12-07
53.93,34688.0,2016-12-06
54.94,33656.0,2016-12-05
54.46,39305.0,2016-12-02
50.46,71317.0,2016-12-01
50.47,1083.0,2016-11-30
46.38,15550.0,2016-11-29
48.24,25170.0,2016-11-28
47.24,27459.0,2016-11-25
48.95,46018.0,2016-11-23
49.12,62072.0,2016-11-22
48.9,42541.0,2016-11-21
46.86,39532.0,2016-11-18
46.49,39989.0,2016-11-17
46.63,43917.0,2016-11-16
46.95,43809.0,2016-11-15
44.43,37427.0,2016-11-14
45.84,35421.0,2016-11-10
46.36,53512.0,2016-11-09
46.04,33500.0,2016-11-08
46.15,30522.0,2016-11-07
45.58,54210.0,2016-11-03
46.35,33590.0,2016-11-02
46.86,47015.0,2016-11-01
48.33,56065.0,2016-10-31
48.3,1765.0,2016-10-30
49.71,15283.0,2016-10-27
50.47,21189.0,2016-10-26
49.98,50026.0,2016-10-25
50.79,34420.0,2016-10-24
51.46,39723.0,2016-10-23
51.78,31385.0,2016-10-20
51.38,29822.0,2016-10-19
52.67,31624.0,2016-10-18
51.68,28432.0,2016-10-17
51.52,26730.0,2016-10-16
51.95,22127.0,2016-10-13
52.03,25642.0,2016-10-12
51.81,24471.0,2016-10-11
52.41,33630.0,2016-10-10
51.93,26575.0,2016-10-06
52.51,25994.0,2016-10-05
51.86,26124.0,2016-10-04
50.87,24858.0,2016-10-03
49.1,27245.0,2016-10-02
49.06,387.0,2016-09-29
49.24,9721.0,2016-09-28
48.69,27630.0,2016-09-27
45.97,34389.0,2016-09-26
47.35,21045.0,2016-09-25
45.89,39822.0,2016-09-22
47.65,32336.0,2016-09-21
46.83,25248.0,2016-09-20
45.88,28150.0,2016-09-19
45.95,19674.0,2016-09-18
45.77,19165.0,2016-09-15
46.59,28412.0,2016-09-14
45.85,28376.0,2016-09-13
47.1,21761.0,2016-09-12
48.32,18373.0,2016-09-11
48.01,18847.0,2016-09-08
49.99,30011.0,2016-09-07
47.98,17745.0,2016-09-06
47.26,37751.0,2016-09-05
46.83,22597.0,2016-09-01
47.05,23846.0,2016-08-31
47.04,668.0,2016-08-30
48.37,10607.0,2016-08-29
49.26,6703.0,2016-08-28
49.92,27534.0,2016-08-25
49.67,31721.0,2016-08-24
49.05,41304.0,2016-08-23
49.96,36665.0,2016-08-22
49.16,27608.0,2016-08-21
50.88,25452.0,2016-08-18
50.89,28379.0,2016-08-17
49.85,39930.0,2016-08-16
49.23,27839.0,2016-08-15
48.35,21340.0,2016-08-14
46.97,23652.0,2016-08-11
46.04,29698.0,2016-08-10
44.05,24646.0,2016-08-09
44.98,18269.0,2016-08-08
45.39,19192.0,2016-08-07
44.27,24997.0,2016-08-04
44.29,25204.0,2016-08-03
43.1,30000.0,2016-08-02
41.8,23088.0,2016-08-01
42.45,21767.0,2016-07-31
42.46,428.0,2016-07-28
42.7,10527.0,2016-07-27
43.47,27266.0,2016-07-26
44.87,26793.0,2016-07-25
44.72,19167.0,2016-07-24
45.69,25423.0,2016-07-21
46.2,22328.0,2016-07-20
47.17,30188.0,2016-07-19
46.66,20962.0,2016-07-18
46.96,22151.0,2016-07-17
47.61,24450.0,2016-07-14
47.37,27528.0,2016-07-13
46.26,29323.0,2016-07-12
48.47,32157.0,2016-07-11
46.25,20339.0,2016-07-10
46.76,24682.0,2016-07-07
46.4,37267.0,2016-07-06
48.8,33332.0,2016-07-05
47.96,37154.0,2016-07-04
49.84,21731.0,2016-06-30
49.68,1313.0,2016-06-29
50.61,13050.0,2016-06-28
48.58,22475.0,2016-06-27
47.16,34439.0,2016-06-26
48.41,52110.0,2016-06-23
50.91,31356.0,2016-06-22
49.88,34368.0,2016-06-21
50.62,29249.0,2016-06-20
50.65,21739.0,2016-06-19
49.17,22172.0,2016-06-16
47.19,26672.0,2016-06-15
48.97,33399.0,2016-06-14
49.83,20904.0,2016-06-13
50.35,18914.0,2016-06-12
50.54,19899.0,2016-06-09
51.95,19759.0,2016-06-08
52.51,22382.0,2016-06-07
51.44,21088.0,2016-06-06
50.55,22446.0,2016-06-05
49.64,22460.0,2016-06-02
50.04,28156.0,2016-06-01
49.71,25507.0,2016-05-31
49.69,3997.0,2016-05-30
49.32,13383.0,2016-05-26
49.59,24441.0,2016-05-25
49.74,26667.0,2016-05-24
48.61,27698.0,2016-05-23
48.35,25366.0,2016-05-22
48.72,26839.0,2016-05-19
48.81,33279.0,2016-05-18
48.93,33480.0,2016-05-17
49.28,32460.0,2016-05-16
48.97,34770.0,2016-05-15
47.83,24243.0,2016-05-12
48.08,36256.0,2016-05-11
47.6,40873.0,2016-05-10
45.52,32801.0,2016-05-09
43.63,36293.0,2016-05-08
45.37,24512.0,2016-05-05
45.01,24432.0,2016-05-04
44.62,28903.0,2016-05-03
46.75,23630.0,2016-05-02
48.13,520.0,2016-04-28
48.14,10505.0,2016-04-27
47.18,17458.0,2016-04-26
45.74,28109.0,2016-04-25
44.48,31478.0,2016-04-24
45.11,35201.0,2016-04-21
44.53,35228.0,2016-04-20
45.8,32343.0,2016-04-19
44.03,43258.0,2016-04-18
42.91,39238.0,2016-04-17
43.1,30288.0,2016-04-14
43.84,25907.0,2016-04-13
44.18,37539.0,2016-04-12
44.69,39987.0,2016-04-11
42.83,26930.0,2016-04-10
41.94,32319.0,2016-04-07
39.43,34351.0,2016-04-06
39.84,33370.0,2016-04-05
37.87,26655.0,2016-04-04
37.69,24270.0,2016-04-03
39.66,20407.0,2016-03-31
39.6,399.0,2016-03-30
39.26,10641.0,2016-03-29
39.14,18903.0,2016-03-28
40.27,10405.0,2016-03-27
40.44,24268.0,2016-03-23
40.47,30553.0,2016-03-22
41.79,31640.0,2016-03-21
41.54,24893.0,2016-03-20
41.2,36422.0,2016-03-17
41.54,32670.0,2016-03-16
40.33,31153.0,2016-03-15
38.74,24741.0,2016-03-14
39.53,31277.0,2016-03-13
40.39,22689.0,2016-03-11
40.05,28194.0,2016-03-10
41.07,29231.0,2016-03-09
39.65,35047.0,2016-03-08
40.84,33230.0,2016-03-07
38.72,32203.0,2016-03-04
37.07,25866.0,2016-03-03
36.93,32186.0,2016-03-02
35.96,28210.0,2016-03-01
35.97,2779.0,2016-02-29
35.1,16272.0,2016-02-26
35.29,25470.0,2016-02-25
34.41,48659.0,2016-02-24
33.27,41038.0,2016-02-23
34.69,28302.0,2016-02-22
33.01,32381.0,2016-02-19
34.28,33585.0,2016-02-18
34.5,40298.0,2016-02-17
32.18,48407.0,2016-02-16
33.36,44770.0,2016-02-12
30.06,35929.0,2016-02-11
30.84,30705.0,2016-02-10
30.32,28881.0,2016-02-09
32.88,27425.0,2016-02-08
34.06,34903.0,2016-02-05
34.46,37559.0,2016-02-04
35.04,51237.0,2016-02-03
32.72,37956.0,2016-02-02
34.69,36878.0,2016-02-01
34.74,678.0,2016-01-29
33.89,59667.0,2016-01-28
33.1,51381.0,2016-01-27
31.8,50983.0,2016-01-26
30.5,41320.0,2016-01-25
32.18,63281.0,2016-01-22
29.25,55017.0,2016-01-21
27.88,39000.0,2016-01-20
28.76,60326.0,2016-01-19
31.01,37163.0,2016-01-15
31.03,663.0,2016-01-14
30.31,9674.0,2016-01-13
30.86,20138.0,2016-01-12
31.55,38666.0,2016-01-11
33.55,39985.0,2016-01-08
33.75,44381.0,2016-01-07
34.23,43019.0,2016-01-06
36.42,29327.0,2016-01-05
37.22,41288.0,2016-01-04
37.28,17689.0,2015-12-31
36.46,18092.0,2015-12-30
37.79,19524.0,2015-12-29
36.62,11717.0,2015-12-28
37.89,12069.0,2015-12-24
37.36,28728.0,2015-12-23
36.11,22874.0,2015-12-22
36.35,22041.0,2015-12-21
36.88,30194.0,2015-12-18
37.18,24297.0,2015-12-17
37.19,1118.0,2015-12-16
38.45,8075.0,2015-12-15
37.92,12552.0,2015-12-14
37.93,31092.0,2015-12-11
39.73,36499.0,2015-12-10
40.11,54288.0,2015-12-09
40.26,43430.0,2015-12-08
40.73,39060.0,2015-12-07
43.0,43809.0,2015-12-04
43.84,40848.0,2015-12-03
42.49,43813.0,2015-12-02
44.44,35190.0,2015-12-01
44.61,29255.0,2015-11-30
44.86,23430.0,2015-11-27
46.17,29899.0,2015-11-25
46.12,32819.0,2015-11-24
44.83,38534.0,2015-11-23
44.66,29144.0,2015-11-20
44.18,23334.0,2015-11-19
44.14,28751.0,2015-11-18
43.57,29198.0,2015-11-17
43.58,35040.0,2015-11-16
43.61,687.0,2015-11-13
44.06,13932.0,2015-11-12
45.81,23241.0,2015-11-11
47.44,24475.0,2015-11-10
47.19,19896.0,2015-11-09
47.42,24275.0,2015-11-06
47.98,26058.0,2015-11-05
48.58,35211.0,2015-11-04
50.54,31478.0,2015-11-03
48.79,19352.0,2015-11-02
49.56,22329.0,2015-10-29
48.8,23743.0,2015-10-28
49.05,32294.0,2015-10-27
46.81,19347.0,2015-10-26
47.54,15230.0,2015-10-25
47.99,22871.0,2015-10-22
48.08,18472.0,2015-10-21
47.85,20633.0,2015-10-20
48.71,25631.0,2015-10-19
48.61,18932.0,2015-10-18
48.73,21575.0,2015-10-15
48.71,342.0,2015-10-14
49.15,8412.0,2015-10-13
49.24,18780.0,2015-10-12
49.86,30617.0,2015-10-11
52.65,32991.0,2015-10-08
53.05,28101.0,2015-10-07
51.33,28754.0,2015-10-06
51.92,27925.0,2015-10-05
49.25,19936.0,2015-10-04
48.13,21721.0,2015-10-01
47.69,23765.0,2015-09-30
48.37,23384.0,2015-09-29
48.23,15186.0,2015-09-28
47.34,17889.0,2015-09-27
48.6,18510.0,2015-09-24
48.17,21355.0,2015-09-23
47.75,22344.0,2015-09-22
49.08,17143.0,2015-09-21
48.92,18265.0,2015-09-20
47.47,20464.0,2015-09-17
49.08,25780.0,2015-09-16
46.61,29740.0,2015-09-15
46.63,313.0,2015-09-14
46.37,13286.0,2015-09-13
48.14,14408.0,2015-09-10
48.89,23873.0,2015-09-09
47.58,22039.0,2015-09-08
49.52,34271.0,2015-09-07
49.61,23953.0,2015-09-03
50.68,38231.0,2015-09-02
50.5,49127.0,2015-09-01
49.56,47532.0,2015-08-31
54.15,42864.0,2015-08-30
50.05,46963.0,2015-08-27
47.56,41974.0,2015-08-26
43.14,37502.0,2015-08-25
43.21,37063.0,2015-08-24
42.69,38819.0,2015-08-23
45.46,29553.0,2015-08-20
46.62,21904.0,2015-08-19
47.16,25829.0,2015-08-18
48.81,16384.0,2015-08-17
49.03,17487.0,2015-08-16
49.03,392.0,2015-08-13
49.22,18543.0,2015-08-12
49.66,21347.0,2015-08-11
49.18,29670.0,2015-08-10
50.41,25425.0,2015-08-09
48.61,36781.0,2015-08-06
49.52,37183.0,2015-08-05
49.59,43403.0,2015-08-04
49.99,25495.0,2015-08-03
49.52,40476.0,2015-08-02
52.21,30224.0,2015-07-30
53.31,33368.0,2015-07-29
53.38,46631.0,2015-07-28
53.3,38323.0,2015-07-27
53.47,27516.0,2015-07-26
54.62,23004.0,2015-07-23
55.27,28668.0,2015-07-22
56.13,25241.0,2015-07-21
57.04,24714.0,2015-07-20
56.65,20026.0,2015-07-19
57.52,18931.0,2015-07-16
57.51,935.0,2015-07-15
57.05,9759.0,2015-07-14
58.51,25176.0,2015-07-13
57.85,31544.0,2015-07-12
58.73,27423.0,2015-07-09
58.61,45873.0,2015-07-08
57.05,43120.0,2015-07-07
56.85,48111.0,2015-07-06
56.54,44988.0,2015-07-05
62.07,28960.0,2015-07-01
62.01,34865.0,2015-06-30
63.59,28326.0,2015-06-29
62.01,28570.0,2015-06-28
63.26,19797.0,2015-06-25
63.2,19341.0,2015-06-24
63.49,25722.0,2015-06-23
64.45,25137.0,2015-06-22
63.34,22360.0,2015-06-21
63.02,19112.0,2015-06-18
64.26,18570.0,2015-06-17
63.87,30479.0,2015-06-16
62.63,22148.0,2015-06-15
62.61,837.0,2015-06-14
63.87,11735.0,2015-06-11
65.11,12496.0,2015-06-10
65.7,27640.0,2015-06-09
64.88,23651.0,2015-06-08
62.69,18851.0,2015-06-07
63.31,24912.0,2015-06-04
62.03,20041.0,2015-06-03
63.8,23281.0,2015-06-02
65.49,23176.0,2015-06-01
64.88,20587.0,2015-05-31
65.56,24899.0,2015-05-28
62.58,21318.0,2015-05-27
62.06,21550.0,2015-05-26
63.72,19097.0,2015-05-25
65.37,15935.0,2015-05-21
66.54,22573.0,2015-05-20
65.03,15742.0,2015-05-19
64.02,23142.0,2015-05-18
66.27,14256.0,2015-05-17
66.57,14466.0,2015-05-14
66.59,447.0,2015-05-13
66.81,13803.0,2015-05-12
66.86,24717.0,2015-05-11
64.91,20593.0,2015-05-10
65.39,37090.0,2015-05-07
65.54,23841.0,2015-05-06
67.77,34300.0,2015-05-05
67.52,33003.0,2015-05-04
66.45,15798.0,2015-05-03
66.46,19131.0,2015-04-30
66.78,26652.0,2015-04-29
65.84,23625.0,2015-04-28
64.64,18757.0,2015-04-27
64.83,17993.0,2015-04-26
65.28,20163.0,2015-04-23
64.85,32671.0,2015-04-22
62.73,19144.0,2015-04-21
62.08,16815.0,2015-04-20
63.45,18561.0,2015-04-19
63.45,18872.0,2015-04-16
60.4,26829.0,2015-04-15
60.32,823.0,2015-04-14
58.43,15993.0,2015-04-13
57.93,14746.0,2015-04-12
57.87,16883.0,2015-04-09
56.57,20538.0,2015-04-08
55.55,24755.0,2015-04-07
59.1,23259.0,2015-04-06
58.12,14071.0,2015-04-05
54.95,28427.0,2015-04-01
57.1,27858.0,2015-03-31
55.11,21606.0,2015-03-30
56.29,21505.0,2015-03-29
56.41,23801.0,2015-03-26
59.19,32679.0,2015-03-25
56.48,25158.0,2015-03-24
55.11,16166.0,2015-03-23
55.92,20185.0,2015-03-22
55.32,17597.0,2015-03-19
54.43,19163.0,2015-03-18
55.91,23370.0,2015-03-17
53.43,25633.0,2015-03-16
53.44,510.0,2015-03-15
54.67,11914.0,2015-03-12
57.08,16466.0,2015-03-11
57.54,23434.0,2015-03-10
56.39,24701.0,2015-03-09
58.53,21968.0,2015-03-08
59.73,22107.0,2015-03-06
60.48,29245.0,2015-03-05
60.55,29920.0,2015-03-04
61.02,35924.0,2015-03-03
59.54,36182.0,2015-03-02
62.58,30548.0,2015-02-27
60.05,31062.0,2015-02-26
61.63,34789.0,2015-02-25
58.66,37567.0,2015-02-24
58.9,42658.0,2015-02-23
60.22,33712.0,2015-02-20
60.21,39699.0,2015-02-19
60.53,24334.0,2015-02-18
62.53,40754.0,2015-02-17
57.39,36448.0,2015-02-13
57.05,961.0,2015-02-12
54.66,25029.0,2015-02-11
56.43,23490.0,2015-02-10
58.34,35734.0,2015-02-09
57.8,38508.0,2015-02-06
56.57,48325.0,2015-02-05
54.16,42937.0,2015-02-04
57.91,55610.0,2015-02-03
54.75,43658.0,2015-02-02
52.99,35139.0,2015-01-30
49.13,26641.0,2015-01-29
48.47,29379.0,2015-01-28
49.6,25318.0,2015-01-27
48.16,25814.0,2015-01-26
48.79,29460.0,2015-01-23
48.52,33790.0,2015-01-22
49.03,28618.0,2015-01-21
47.99,33926.0,2015-01-20
47.69,29134.0,2015-01-16
47.67,2088.0,2015-01-15
48.69,17863.0,2015-01-14
46.59,33516.0,2015-01-13
47.43,29297.0,2015-01-12
50.11,48123.0,2015-01-09
50.96,29469.0,2015-01-08
51.15,37082.0,2015-01-07
51.1,35494.0,2015-01-06
53.11,30065.0,2015-01-05
56.42,16707.0,2015-01-02
57.33,8412.0,2014-12-31
57.9,8111.0,2014-12-30
57.88,11672.0,2014-12-29
59.45,2778.0,2014-12-26
60.24,6504.0,2014-12-24
61.69,13242.0,2014-12-23
60.11,20497.0,2014-12-22
61.38,15698.0,2014-12-19
59.27,23123.0,2014-12-18
59.8,27234.0,2014-12-17
59.86,732.0,2014-12-16
61.06,13288.0,2014-12-15
61.85,16645.0,2014-12-12
63.68,17122.0,2014-12-11
64.24,17189.0,2014-12-10
66.84,14593.0,2014-12-09
66.19,14787.0,2014-12-08
69.07,19073.0,2014-12-05
69.64,17516.0,2014-12-04
69.92,22352.0,2014-12-03
70.54,16953.0,2014-12-02
72.54,25064.0,2014-12-01
70.15,20894.0,2014-11-28
77.75,13570.0,2014-11-26
78.33,16700.0,2014-11-25
79.68,11108.0,2014-11-24
80.36,19896.0,2014-11-21
79.33,16540.0,2014-11-20
78.1,21619.0,2014-11-19
78.47,15851.0,2014-11-18
79.31,12896.0,2014-11-17
77.74,15018.0,2014-11-14
77.92,467.0,2014-11-13
80.38,8560.0,2014-11-12
81.67,20813.0,2014-11-11
82.34,17349.0,2014-11-10
83.39,14848.0,2014-11-07
82.86,17660.0,2014-11-06
82.95,28238.0,2014-11-05
82.82,18879.0,2014-11-04
84.78,14973.0,2014-11-03
85.86,11967.0,2014-10-30
86.24,12493.0,2014-10-29
87.12,14546.0,2014-10-28
86.03,13937.0,2014-10-27
85.83,15291.0,2014-10-26
86.13,19344.0,2014-10-23
86.83,24796.0,2014-10-22
84.71,17458.0,2014-10-21
86.22,19391.0,2014-10-20
85.4,20345.0,2014-10-19
84.54,19641.0,2014-10-16
84.47,233.0,2014-10-15
83.78,15846.0,2014-10-14
85.04,16949.0,2014-10-13
88.89,10067.0,2014-10-12
90.21,21001.0,2014-10-09
90.05,23039.0,2014-10-08
91.38,17109.0,2014-10-07
92.11,14586.0,2014-10-06
92.79,14363.0,2014-10-05
92.31,19794.0,2014-10-02
93.42,23807.0,2014-10-01
94.16,19096.0,2014-09-30
94.67,19337.0,2014-09-29
97.2,14463.0,2014-09-28
97.0,11382.0,2014-09-25
97.0,14271.0,2014-09-24
96.95,15460.0,2014-09-23
96.85,13561.0,2014-09-22
96.97,12582.0,2014-09-21
98.39,12442.0,2014-09-18
97.7,15316.0,2014-09-17
98.97,14769.0,2014-09-16
96.63,16751.0,2014-09-15
96.65,567.0,2014-09-14
97.11,7632.0,2014-09-11
98.08,12548.0,2014-09-10
98.04,13104.0,2014-09-09
99.16,10783.0,2014-09-08
100.2,12077.0,2014-09-07
100.82,12409.0,2014-09-04
101.83,10584.0,2014-09-03
102.77,11649.0,2014-09-02
100.34,16273.0,2014-09-01
103.19,9570.0,2014-08-28
102.46,9089.0,2014-08-27
102.72,11601.0,2014-08-26
102.5,8337.0,2014-08-25
102.65,5087.0,2014-08-24
102.29,9353.0,2014-08-21
102.63,8468.0,2014-08-20
102.28,10201.0,2014-08-19
101.56,13304.0,2014-08-18
101.6,9002.0,2014-08-17
101.95,12437.0,2014-08-14
102.01,301.0,2014-08-13
104.28,6252.0,2014-08-12
103.02,7832.0,2014-08-11
104.68,6646.0,2014-08-10
105.02,11237.0,2014-08-07
105.44,14652.0,2014-08-06
104.59,11339.0,2014-08-05
104.61,13297.0,2014-08-04
105.41,15245.0,2014-08-03
104.84,14865.0,2014-07-31
106.02,14434.0,2014-07-30
106.51,15571.0,2014-07-29
107.72,11704.0,2014-07-28
107.57,10450.0,2014-07-27
108.39,12114.0,2014-07-24
107.07,8726.0,2014-07-23
108.03,12856.0,2014-07-22
107.33,8368.0,2014-07-21
107.68,9604.0,2014-07-20
107.24,10183.0,2014-07-17
105.96,11847.0,2014-07-16
105.85,276.0,2014-07-15
106.02,3894.0,2014-07-14
106.98,5303.0,2014-07-13
106.66,11904.0,2014-07-10
108.67,13514.0,2014-07-09
108.28,10415.0,2014-07-08
108.94,12267.0,2014-07-07
110.24,12446.0,2014-07-06
111.0,11415.0,2014-07-03
111.24,14223.0,2014-07-01
112.29,11049.0,2014-06-30
112.36,10245.0,2014-06-29
113.3,6922.0,2014-06-26
113.21,9100.0,2014-06-25
114.0,12861.0,2014-06-24
114.46,11656.0,2014-06-23
114.12,11582.0,2014-06-22
114.81,11644.0,2014-06-19
115.06,14027.0,2014-06-18
114.26,12588.0,2014-06-17
113.45,10642.0,2014-06-16
113.22,10542.0,2014-06-15
113.41,315.0,2014-06-12
113.02,6415.0,2014-06-11
109.95,6736.0,2014-06-10
109.52,9638.0,2014-06-09
109.99,11311.0,2014-06-08
108.61,7125.0,2014-06-05
108.79,8994.0,2014-06-04
108.4,9443.0,2014-06-03
108.82,5592.0,2014-06-02
108.83,7678.0,2014-06-01
109.41,8969.0,2014-05-29
109.97,7680.0,2014-05-28
109.81,8253.0,2014-05-27
110.02,10773.0,2014-05-26
110.54,5368.0,2014-05-22
110.36,6092.0,2014-05-21
110.55,7242.0,2014-05-20
109.69,10468.0,2014-05-19
109.37,7101.0,2014-05-18
110.42,6131.0,2014-05-15
110.44,81.0,2014-05-14
110.19,4654.0,2014-05-13
109.24,7626.0,2014-05-12
108.41,7471.0,2014-05-11
107.89,6891.0,2014-05-08
108.04,6115.0,2014-05-07
108.13,7544.0,2014-05-06
107.06,8554.0,2014-05-05
107.72,6335.0,2014-05-04
108.59,11576.0,2014-05-01
107.76,10420.0,2014-04-30
108.07,9600.0,2014-04-29
108.98,9236.0,2014-04-28
108.12,7098.0,2014-04-27
109.58,6164.0,2014-04-24
110.33,6422.0,2014-04-23
109.11,6163.0,2014-04-22
109.27,6487.0,2014-04-21
109.95,3084.0,2014-04-20
109.53,6094.0,2014-04-16
108.8,8875.0,2014-04-15
108.74,502.0,2014-04-14
109.07,4039.0,2014-04-13
107.33,3022.0,2014-04-10
107.46,3604.0,2014-04-09
107.98,5342.0,2014-04-08
107.67,6419.0,2014-04-07
105.82,5167.0,2014-04-06
106.72,4765.0,2014-04-03
106.15,5408.0,2014-04-02
104.79,6454.0,2014-04-01
105.62,5824.0,2014-03-31
107.76,4548.0,2014-03-30
108.07,2793.0,2014-03-27
107.83,4863.0,2014-03-26
107.03,4838.0,2014-03-25
106.99,4372.0,2014-03-24
106.81,5090.0,2014-03-23
106.92,4245.0,2014-03-20
106.45,7396.0,2014-03-19
105.85,8119.0,2014-03-18
106.79,7074.0,2014-03-17
108.54,6790.0,2014-03-16
108.57,403.0,2014-03-13
107.39,2507.0,2014-03-12
108.02,5810.0,2014-03-11
108.55,4841.0,2014-03-10
108.08,5500.0,2014-03-09
109.0,6678.0,2014-03-07
108.1,7905.0,2014-03-06
107.76,6452.0,2014-03-05
109.3,6049.0,2014-03-04
111.2,8433.0,2014-03-03
109.07,5667.0,2014-02-28
108.96,5476.0,2014-02-27
109.52,5701.0,2014-02-26
109.51,5613.0,2014-02-25
110.64,4272.0,2014-02-24
109.85,4938.0,2014-02-21
110.3,5272.0,2014-02-20
110.47,4749.0,2014-02-19
108.73,5560.0,2014-02-14
108.73,467.0,2014-02-13
108.79,3784.0,2014-02-12
108.68,4010.0,2014-02-11
108.63,5009.0,2014-02-10
109.57,6885.0,2014-02-07
107.19,4889.0,2014-02-06
106.25,4243.0,2014-02-05
105.78,3583.0,2014-02-04
106.04,6629.0,2014-02-03
106.4,6123.0,2014-01-31
107.95,5144.0,2014-01-30
107.85,5192.0,2014-01-29
107.41,5708.0,2014-01-28
106.69,5447.0,2014-01-27
107.88,7550.0,2014-01-24
107.58,6494.0,2014-01-23
108.27,5573.0,2014-01-22
107.06,7458.0,2014-01-17
107.09,115.0,2014-01-16
107.13,3169.0,2014-01-15
106.39,3983.0,2014-01-14
106.75,3669.0,2014-01-13
107.25,4589.0,2014-01-10
106.39,3715.0,2014-01-09
107.15,5124.0,2014-01-08
107.35,4075.0,2014-01-07
106.73,7015.0,2014-01-06
106.89,5641.0,2014-01-03
107.78,5131.0,2014-01-02
110.8,2383.0,2013-12-31
111.21,3396.0,2013-12-30
112.18,5381.0,2013-12-27
111.98,1241.0,2013-12-26
111.9,2113.0,2013-12-24
111.56,3285.0,2013-12-23
111.77,6214.0,2013-12-20
110.29,6496.0,2013-12-19
110.41,7394.0,2013-12-17
110.47,29.0,2013-12-16
108.83,2888.0,2013-12-13
108.67,5074.0,2013-12-12
109.7,6192.0,2013-12-11
109.38,5592.0,2013-12-10
109.39,4871.0,2013-12-09
111.61,3762.0,2013-12-06
110.98,6867.0,2013-12-05
111.88,10654.0,2013-12-04
112.62,6822.0,2013-12-03
111.45,7293.0,2013-12-02
109.69,3145.0,2013-11-29
111.31,6312.0,2013-11-27
110.88,6731.0,2013-11-26
111.0,9286.0,2013-11-25
111.05,8917.0,2013-11-22
110.08,8039.0,2013-11-21
108.06,5560.0,2013-11-20
106.92,5874.0,2013-11-19
108.55,4900.0,2013-11-15
108.54,237.0,2013-11-14
107.12,4449.0,2013-11-13
105.81,7598.0,2013-11-12
106.4,4925.0,2013-11-11
105.12,8183.0,2013-11-08
103.46,10778.0,2013-11-07
105.24,8063.0,2013-11-06
105.33,5619.0,2013-11-05
106.23,7029.0,2013-11-04
105.91,9208.0,2013-10-31
108.84,7077.0,2013-10-30
109.86,7259.0,2013-10-29
109.01,5454.0,2013-10-28
109.61,8120.0,2013-10-27
106.93,6723.0,2013-10-24
106.99,7917.0,2013-10-23
107.8,10576.0,2013-10-22
109.97,5789.0,2013-10-21
109.64,5329.0,2013-10-20
110.97,6658.0,2013-10-16
110.86,38.0,2013-10-15
109.96,2247.0,2013-10-14
111.04,3341.0,2013-10-13
111.28,4319.0,2013-10-10
111.8,8794.0,2013-10-09
109.06,4948.0,2013-10-08
110.16,4913.0,2013-10-07
109.68,7563.0,2013-10-06
109.46,6171.0,2013-10-03
109.0,7082.0,2013-10-02
109.19,9315.0,2013-10-01
107.94,10793.0,2013-09-30
108.37,6565.0,2013-09-29
108.63,6955.0,2013-09-26
109.21,5886.0,2013-09-25
108.32,9360.0,2013-09-24
108.64,6581.0,2013-09-23
108.16,5869.0,2013-09-22
109.22,5219.0,2013-09-19
108.76,6103.0,2013-09-18
110.6,7296.0,2013-09-17
112.78,6998.0,2013-09-12
112.63,2554.0,2013-09-11
111.5,5381.0,2013-09-10
111.25,9149.0,2013-09-09
113.72,11349.0,2013-09-08
116.12,5463.0,2013-09-05
115.26,6811.0,2013-09-04
114.91,7325.0,2013-09-03
115.68,12654.0,2013-09-02
115.16,7936.0,2013-08-28
116.61,12397.0,2013-08-27
114.36,11690.0,2013-08-26
110.73,2251.0,2013-08-25
111.04,7755.0,2013-08-22
109.9,4848.0,2013-08-21
109.81,6371.0,2013-08-20
110.15,7184.0,2013-08-19
111.17,8502.0,2013-08-15
111.11,121.0,2013-08-14
110.2,5913.0,2013-08-13
109.82,5136.0,2013-08-12
108.97,6891.0,2013-08-11
108.22,5252.0,2013-08-08
106.68,8136.0,2013-08-07
107.44,4690.0,2013-08-06
108.18,3859.0,2013-08-05
108.7,4489.0,2013-08-04
108.95,3957.0,2013-08-01
109.54,5495.0,2013-07-31
107.7,6517.0,2013-07-30
106.91,7855.0,2013-07-29
107.45,5249.0,2013-07-28
107.17,3172.0,2013-07-25
107.65,4913.0,2013-07-24
107.19,5810.0,2013-07-23
108.42,9570.0,2013-07-22
108.15,8730.0,2013-07-21
108.07,6176.0,2013-07-18
109.36,3702.0,2013-07-16
109.4,18.0,2013-07-15
109.09,4334.0,2013-07-14
108.81,4515.0,2013-07-11
107.73,4952.0,2013-07-10
108.51,4574.0,2013-07-09
107.81,5029.0,2013-07-08
107.43,4529.0,2013-07-07
107.72,7411.0,2013-07-04
105.76,6544.0,2013-07-03
104.0,5326.0,2013-07-01
103.0,7087.0,2013-06-30
102.16,8321.0,2013-06-27
102.82,8070.0,2013-06-26
101.66,6116.0,2013-06-25
101.26,5444.0,2013-06-24
101.16,8744.0,2013-06-23
100.91,7294.0,2013-06-20
102.15,9237.0,2013-06-19
106.12,4520.0,2013-06-18
106.02,4524.0,2013-06-17
104.29,4848.0,2013-06-13
104.25,34.0,2013-06-12
103.49,3238.0,2013-06-11
102.96,4916.0,2013-06-10
103.95,4235.0,2013-06-09
104.56,7588.0,2013-06-06
103.61,4502.0,2013-06-05
103.04,4854.0,2013-06-04
103.24,6820.0,2013-06-03
102.06,4609.0,2013-06-02
100.39,5185.0,2013-05-30
102.19,4542.0,2013-05-29
102.43,3856.0,2013-05-28
104.23,4450.0,2013-05-27
102.64,2671.0,2013-05-23
102.44,4740.0,2013-05-22
102.6,4718.0,2013-05-21
103.91,3839.0,2013-05-20
103.72,3976.0,2013-05-19
103.8,512.0,2013-05-15
103.68,2940.0,2013-05-14
102.6,3504.0,2013-05-13
102.82,5649.0,2013-05-12
103.91,5241.0,2013-05-09
104.47,5308.0,2013-05-08
104.34,7772.0,2013-05-07
104.4,7856.0,2013-05-06
105.46,3668.0,2013-05-05
104.19,7412.0,2013-05-02
102.85,7583.0,2013-05-01
99.95,8670.0,2013-04-30
102.37,6356.0,2013-04-29
103.81,4138.0,2013-04-28
103.16,4974.0,2013-04-25
103.41,5471.0,2013-04-24
101.73,4467.0,2013-04-23
100.31,4381.0,2013-04-22
100.39,3890.0,2013-04-21
99.65,4312.0,2013-04-18
99.13,6283.0,2013-04-17
100.36,4442.0,2013-04-16
100.39,1126.0,2013-04-14
103.11,3004.0,2013-04-11
104.27,2429.0,2013-04-10
105.79,3159.0,2013-04-09
106.23,4934.0,2013-04-08
104.66,3754.0,2013-04-07
104.12,8817.0,2013-04-04
106.34,7158.0,2013-04-03
107.11,5172.0,2013-04-02
110.69,4299.0,2013-04-01
111.08,1788.0,2013-03-31
110.02,2175.0,2013-03-27
109.69,3926.0,2013-03-26
109.36,3355.0,2013-03-25
108.17,3055.0,2013-03-24
107.66,2605.0,2013-03-21
107.47,3484.0,2013-03-20
108.72,2745.0,2013-03-19
107.45,3327.0,2013-03-18
109.38,2567.0,2013-03-14
109.42,269.0,2013-03-13
108.52,950.0,2013-03-12
109.65,2388.0,2013-03-11
110.22,2427.0,2013-03-10
110.85,4486.0,2013-03-08
111.15,4272.0,2013-03-07
111.06,4002.0,2013-03-06
111.61,5330.0,2013-03-05
110.09,3618.0,2013-03-04
110.4,5687.0,2013-03-01
111.38,5369.0,2013-02-28
111.87,4940.0,2013-02-27
112.71,3942.0,2013-02-26
114.44,4213.0,2013-02-25
114.1,2836.0,2013-02-22
113.53,4022.0,2013-02-21
115.6,4641.0,2013-02-20
117.52,3321.0,2013-02-19
118.58,5321.0,2013-02-15
118.72,225.0,2013-02-13
118.66,1556.0,2013-02-12
118.13,2152.0,2013-02-11
118.9,3395.0,2013-02-08
117.24,6168.0,2013-02-07
116.73,3179.0,2013-02-06
116.52,5214.0,2013-02-05
115.6,2301.0,2013-02-04
116.76,4956.0,2013-02-01
115.55,3222.0,2013-01-31
114.9,2414.0,2013-01-30
114.36,3241.0,2013-01-29
113.48,4057.0,2013-01-28
113.28,3821.0,2013-01-25
113.28,5086.0,2013-01-24
112.8,5558.0,2013-01-23
112.42,7873.0,2013-01-22
110.61,5410.0,2013-01-18
110.61,33.0,2013-01-16
110.3,1227.0,2013-01-15
111.88,1019.0,2013-01-14
110.64,1141.0,2013-01-11
111.89,1495.0,2013-01-10
111.76,1368.0,2013-01-09
111.94,1385.0,2013-01-08
111.4,1860.0,2013-01-07
111.31,1279.0,2013-01-04
112.14,752.0,2013-01-03
112.47,1343.0,2013-01-02
111.11,716.0,2012-12-31
110.62,1101.0,2012-12-28
110.8,682.0,2012-12-27
111.07,413.0,2012-12-26
108.8,287.0,2012-12-24
108.97,571.0,2012-12-21
110.2,473.0,2012-12-20
110.36,703.0,2012-12-19
109.15,306.0,2012-12-14
107.91,833.0,2012-12-13
109.5,1756.0,2012-12-12
108.01,1065.0,2012-12-11
107.33,1972.0,2012-12-10
107.02,1434.0,2012-12-07
107.03,945.0,2012-12-06
108.81,302.0,2012-12-05
109.84,484.0,2012-12-04
110.92,749.0,2012-12-03
111.23,464.0,2012-11-30
110.76,619.0,2012-11-29
109.51,665.0,2012-11-28
109.87,426.0,2012-11-27
110.92,506.0,2012-11-26
111.38,483.0,2012-11-23
110.86,480.0,2012-11-21
109.83,420.0,2012-11-20
110.84,782.0,2012-11-19
110.98,735.0,2012-11-15
109.61,762.0,2012-11-14
108.26,609.0,2012-11-13
109.07,922.0,2012-11-12
109.4,744.0,2012-11-09
107.25,364.0,2012-11-08
106.82,888.0,2012-11-07
111.07,515.0,2012-11-06
107.73,388.0,2012-11-05
105.68,1081.0,2012-11-01
108.17,354.0,2012-10-31
108.7,227.0,2012-10-30
109.55,395.0,2012-10-25
108.49,532.0,2012-10-24
107.85,503.0,2012-10-23
108.25,602.0,2012-10-22
109.44,586.0,2012-10-21
110.14,624.0,2012-10-18
115.07,602.0,2012-10-15
115.8,905.0,2012-10-14
114.62,857.0,2012-10-11
115.71,865.0,2012-10-10
114.33,328.0,2012-10-09
114.5,498.0,2012-10-08
111.82,1240.0,2012-10-07
112.02,1184.0,2012-10-04
112.58,1542.0,2012-10-03
108.17,1316.0,2012-10-02
111.57,184.0,2012-10-01
112.19,181.0,2012-09-30
112.39,1412.0,2012-09-27
112.01,1191.0,2012-09-26
110.04,2408.0,2012-09-25
110.45,1516.0,2012-09-24
109.81,1278.0,2012-09-23
111.42,1140.0,2012-09-20
110.03,1613.0,2012-09-19
108.19,559.0,2012-09-18
112.03,564.0,2012-09-17
116.9,336.0,2012-09-12
115.96,1015.0,2012-09-11
115.4,1009.0,2012-09-10
114.81,826.0,2012-09-09
114.25,2186.0,2012-09-06
113.49,2137.0,2012-09-05
113.09,551.0,2012-09-04
114.18,564.0,2012-09-03
114.57,2428.0,2012-08-30
112.65,2660.0,2012-08-29
112.54,2957.0,2012-08-28
112.58,1489.0,2012-08-27
112.26,2318.0,2012-08-26
113.59,2894.0,2012-08-23
115.01,2201.0,2012-08-22
114.91,3196.0,2012-08-21
114.64,1481.0,2012-08-20
113.7,3024.0,2012-08-19
113.71,1201.0,2012-08-16
116.9,3561.0,2012-08-15
116.25,718.0,2012-08-14
114.03,1201.0,2012-08-13
113.6,1223.0,2012-08-12
112.95,1994.0,2012-08-09
113.22,2139.0,2012-08-08
112.14,5380.0,2012-08-07
112.0,2600.0,2012-08-06
109.55,1714.0,2012-08-05
108.94,1573.0,2012-08-02
105.9,2631.0,2012-08-01
105.96,1202.0,2012-07-31
104.92,1532.0,2012-07-30
106.2,334.0,2012-07-29
106.47,2178.0,2012-07-26
105.26,1479.0,2012-07-25
104.38,2082.0,2012-07-24
103.42,1642.0,2012-07-23
103.26,360.0,2012-07-22
106.83,358.0,2012-07-19
107.8,581.0,2012-07-18
105.16,725.0,2012-07-17
104.0,590.0,2012-07-16
103.55,1691.0,2012-07-15
102.4,624.0,2012-07-12
101.07,1345.0,2012-07-11
100.23,851.0,2012-07-10
97.97,1778.0,2012-07-09
100.32,1912.0,2012-07-08
98.19,1800.0,2012-07-05
100.7,1271.0,2012-07-04
100.68,707.0,2012-07-03
97.34,786.0,2012-07-01
97.8,1151.0,2012-06-28
91.36,1468.0,2012-06-27
93.5,680.0,2012-06-26
93.02,2275.0,2012-06-25
91.01,1452.0,2012-06-24
90.98,562.0,2012-06-21
89.23,1121.0,2012-06-20
92.69,718.0,2012-06-19
95.76,1795.0,2012-06-18
96.05,2225.0,2012-06-17
97.61,282.0,2012-06-14
97.03,2047.0,2012-06-13
97.13,1258.0,2012-06-12
97.14,1258.0,2012-06-11
98.0,1856.0,2012-06-10
99.47,451.0,2012-06-07
99.93,1301.0,2012-06-06
100.64,964.0,2012-06-05
98.84,525.0,2012-06-04
98.85,528.0,2012-06-03
98.43,755.0,2012-05-31
101.87,662.0,2012-05-30
103.47,418.0,2012-05-29
106.68,467.0,2012-05-28
106.83,389.0,2012-05-24
106.55,1067.0,2012-05-23
105.56,656.0,2012-05-22
108.41,1151.0,2012-05-21
108.81,571.0,2012-05-20
107.14,617.0,2012-05-17
107.49,1732.0,2012-05-16
111.71,1327.0,2012-05-15
112.24,490.0,2012-05-14
111.57,749.0,2012-05-13
112.26,767.0,2012-05-10
112.73,2771.0,2012-05-09
113.2,1530.0,2012-05-08
112.73,2937.0,2012-05-07
113.16,1462.0,2012-05-06
113.18,3510.0,2012-05-03
116.08,2253.0,2012-05-02
118.2,2624.0,2012-05-01
119.66,2605.0,2012-04-30
119.47,782.0,2012-04-29
119.83,513.0,2012-04-26
119.92,652.0,2012-04-25
119.12,541.0,2012-04-24
118.16,583.0,2012-04-23
118.71,727.0,2012-04-22
118.76,662.0,2012-04-19
118.0,1122.0,2012-04-18
117.97,894.0,2012-04-17
118.78,741.0,2012-04-16
118.68,832.0,2012-04-15
121.83,441.0,2012-04-12
121.71,280.0,2012-04-11
120.18,781.0,2012-04-10
119.88,627.0,2012-04-09
122.67,256.0,2012-04-08
123.43,449.0,2012-04-04
122.34,822.0,2012-04-03
124.86,592.0,2012-04-02
125.43,481.0,2012-04-01
122.88,701.0,2012-03-29
122.39,646.0,2012-03-28
124.16,797.0,2012-03-27
125.54,765.0,2012-03-26
125.65,265.0,2012-03-25
125.13,747.0,2012-03-22
123.14,567.0,2012-03-21
124.2,741.0,2012-03-20
124.12,665.0,2012-03-19
125.71,453.0,2012-03-18
125.81,412.0,2012-03-15
123.55,1260.0,2012-03-14
124.97,294.0,2012-03-13
126.22,506.0,2012-03-12
125.34,648.0,2012-03-11
125.98,817.0,2012-03-09
125.44,960.0,2012-03-08
124.12,913.0,2012-03-07
121.98,630.0,2012-03-06
123.8,592.0,2012-03-05
123.65,736.0,2012-03-02
126.2,1951.0,2012-03-01
122.66,1389.0,2012-02-29
121.55,2378.0,2012-02-28
124.17,575.0,2012-02-27
125.47,389.0,2012-02-24
123.62,884.0,2012-02-23
122.9,1019.0,2012-02-22
121.66,495.0,2012-02-21
119.58,815.0,2012-02-17
120.11,1479.0,2012-02-16
118.93,756.0,2012-02-15
118.16,815.0,2012-02-14
117.93,602.0,2012-02-13
117.31,1055.0,2012-02-10
118.59,812.0,2012-02-09
117.2,866.0,2012-02-08
116.23,1400.0,2012-02-07
115.93,980.0,2012-02-06
114.58,758.0,2012-02-03
112.07,1348.0,2012-02-02
111.56,891.0,2012-02-01
110.98,712.0,2012-01-31
110.75,453.0,2012-01-30
111.46,1050.0,2012-01-27
110.79,500.0,2012-01-26
109.81,580.0,2012-01-25
110.03,524.0,2012-01-24
110.58,363.0,2012-01-23
109.86,367.0,2012-01-20
111.55,793.0,2012-01-19
110.66,911.0,2012-01-18
111.53,858.0,2012-01-17
110.44,801.0,2012-01-13
111.26,513.0,2012-01-12
112.24,783.0,2012-01-11
113.28,715.0,2012-01-10
112.45,595.0,2012-01-09
113.06,709.0,2012-01-06
112.74,687.0,2012-01-05
113.7,1426.0,2012-01-04
112.13,1064.0,2012-01-03
107.38,396.0,2011-12-30
108.01,334.0,2011-12-29
107.56,357.0,2011-12-28
109.27,137.0,2011-12-27
107.96,189.0,2011-12-23
107.89,235.0,2011-12-22
107.71,432.0,2011-12-21
106.73,542.0,2011-12-20
103.64,265.0,2011-12-19
103.35,289.0,2011-12-16
105.09,399.0,2011-12-15
105.02,160.0,2011-12-14
109.5,921.0,2011-12-13
107.26,372.0,2011-12-12
108.62,1494.0,2011-12-09
108.11,1405.0,2011-12-08
109.53,824.0,2011-12-07
110.81,712.0,2011-12-06
109.81,597.0,2011-12-05
109.94,628.0,2011-12-02
108.99,701.0,2011-12-01
110.82,744.0,2011-11-29
109.0,638.0,2011-11-28
106.4,448.0,2011-11-25
107.02,669.0,2011-11-23
109.03,1135.0,2011-11-22
107.56,694.0,2011-11-18
108.22,1291.0,2011-11-17
111.88,1628.0,2011-11-16
112.39,593.0,2011-11-15
111.89,190.0,2011-11-14
114.16,1285.0,2011-11-11
113.71,1778.0,2011-11-10
112.31,1730.0,2011-11-09
115.0,1647.0,2011-11-08
114.56,1751.0,2011-11-07
111.97,841.0,2011-11-03
110.83,1495.0,2011-11-02
109.34,1941.0,2011-11-01
109.54,1035.0,2011-10-31
109.56,571.0,2011-10-30
109.91,1035.0,2011-10-27
112.08,2726.0,2011-10-26
108.91,2194.0,2011-10-25
110.92,2164.0,2011-10-24
111.45,1467.0,2011-10-23
109.56,1024.0,2011-10-20
109.76,1872.0,2011-10-19
108.39,1933.0,2011-10-18
111.15,1582.0,2011-10-17
110.16,849.0,2011-10-16
114.68,1820.0,2011-10-13
111.11,118.0,2011-10-12
111.36,337.0,2011-10-11
110.73,426.0,2011-10-10
108.95,376.0,2011-10-09
105.88,699.0,2011-10-06
105.73,706.0,2011-10-05
99.79,539.0,2011-10-03
101.71,1000.0,2011-10-02
102.76,831.0,2011-09-29
103.95,814.0,2011-09-28
103.81,985.0,2011-09-27
107.14,822.0,2011-09-26
103.97,1050.0,2011-09-22
105.49,1204.0,2011-09-21
110.36,1922.0,2011-09-20
110.54,762.0,2011-09-19
109.14,850.0,2011-09-18
112.22,741.0,2011-09-15
115.34,1362.0,2011-09-14
112.4,260.0,2011-09-13
111.89,299.0,2011-09-12
112.25,480.0,2011-09-11
112.77,684.0,2011-09-08
114.55,770.0,2011-09-07
115.8,1062.0,2011-09-06
112.89,871.0,2011-09-05
112.33,1048.0,2011-09-01
114.29,770.0,2011-08-31
114.85,896.0,2011-08-30
114.02,800.0,2011-08-29
111.88,1153.0,2011-08-28
111.36,1719.0,2011-08-25
110.15,3287.0,2011-08-23
109.31,1025.0,2011-08-22
108.36,1287.0,2011-08-21
108.62,1062.0,2011-08-18
106.99,1462.0,2011-08-17
110.6,572.0,2011-08-16
109.91,964.0,2011-08-14
108.03,891.0,2011-08-11
108.02,1058.0,2011-08-10
106.68,1410.0,2011-08-09
102.57,1756.0,2011-08-08
103.74,1080.0,2011-08-07
109.37,1324.0,2011-08-04
107.25,1386.0,2011-08-03
113.23,905.0,2011-08-02
116.46,835.0,2011-08-01
116.81,1488.0,2011-07-31
116.74,631.0,2011-07-28
117.36,1446.0,2011-07-27
117.43,915.0,2011-07-26
118.28,578.0,2011-07-25
117.94,419.0,2011-07-24
118.67,425.0,2011-07-21
117.51,540.0,2011-07-20
118.15,725.0,2011-07-19
116.05,484.0,2011-07-17
117.26,497.0,2011-07-14
118.32,610.0,2011-07-13
117.75,682.0,2011-07-11
117.24,1016.0,2011-07-10
118.33,966.0,2011-07-07
118.59,986.0,2011-07-06
113.62,521.0,2011-07-05
111.77,651.0,2011-06-30
112.48,598.0,2011-06-29
112.4,756.0,2011-06-28
108.78,537.0,2011-06-27
105.99,672.0,2011-06-26
105.12,850.0,2011-06-23
107.26,1434.0,2011-06-22
114.21,1653.0,2011-06-21
110.95,1160.0,2011-06-20
111.69,667.0,2011-06-19
113.21,859.0,2011-06-16
114.02,665.0,2011-06-15
117.1,972.0,2011-06-14
120.16,885.0,2011-06-13
119.1,1241.0,2011-06-12
118.78,910.0,2011-06-09
119.57,609.0,2011-06-08
117.85,1192.0,2011-06-07
116.78,1104.0,2011-06-06
114.48,443.0,2011-06-05
115.84,902.0,2011-06-02
115.54,879.0,2011-06-01
114.53,537.0,2011-05-31
116.73,696.0,2011-05-30
115.03,498.0,2011-05-26
115.05,579.0,2011-05-25
114.93,768.0,2011-05-24
112.53,398.0,2011-05-23
110.1,423.0,2011-05-22
112.39,416.0,2011-05-19
111.42,246.0,2011-05-18
112.3,287.0,2011-05-17
109.99,462.0,2011-05-16
112.73,462.0,2011-05-15
113.83,628.0,2011-05-12
112.98,2746.0,2011-05-11
112.57,2908.0,2011-05-10
117.63,1082.0,2011-05-09
115.9,1184.0,2011-05-08
109.13,2944.0,2011-05-05
110.8,1969.0,2011-05-04
121.19,829.0,2011-05-03
122.45,1289.0,2011-05-02
125.12,667.0,2011-05-01
125.89,582.0,2011-04-28
125.02,796.0,2011-04-27
125.13,912.0,2011-04-26
124.14,1089.0,2011-04-25
123.66,326.0,2011-04-24
123.99,966.0,2011-04-20
121.33,1099.0,2011-04-18
121.61,825.0,2011-04-17
123.45,452.0,2011-04-14
122.36,934.0,2011-04-13
122.88,1128.0,2011-04-12
120.92,1362.0,2011-04-11
123.98,1380.0,2011-04-10
126.65,1320.0,2011-04-07
122.67,1326.0,2011-04-06
122.3,929.0,2011-04-05
122.22,1512.0,2011-04-04
121.06,961.0,2011-04-03
118.7,896.0,2011-03-31
117.36,853.0,2011-03-30
115.13,586.0,2011-03-29
114.8,528.0,2011-03-27
115.59,872.0,2011-03-24
115.72,1117.0,2011-03-23
115.55,818.0,2011-03-22
115.7,650.0,2011-03-21
114.96,705.0,2011-03-20
113.93,1686.0,2011-03-17
114.9,858.0,2011-03-16
110.62,1596.0,2011-03-15
108.52,1085.0,2011-03-14
113.67,1746.0,2011-03-13
113.84,1526.0,2011-03-11
115.43,2094.0,2011-03-10
115.94,2496.0,2011-03-09
113.06,1653.0,2011-03-08
115.04,1859.0,2011-03-07
115.97,1072.0,2011-03-04
114.79,1958.0,2011-03-03
116.35,2052.0,2011-03-02
115.42,1160.0,2011-03-01
111.8,840.0,2011-02-28
112.14,746.0,2011-02-25
111.36,2335.0,2011-02-24
111.25,2032.0,2011-02-23
105.78,1617.0,2011-02-22
102.52,1687.0,2011-02-18
102.59,1104.0,2011-02-17
103.78,940.0,2011-02-16
101.64,1325.0,2011-02-15
103.08,955.0,2011-02-14
101.43,754.0,2011-02-11
100.87,1049.0,2011-02-10
101.82,5013.0,2011-02-09
99.92,2279.0,2011-02-08
99.25,1008.0,2011-02-07
99.83,1085.0,2011-02-04
101.76,722.0,2011-02-03
102.34,1008.0,2011-02-02
101.74,1352.0,2011-02-01
101.01,1505.0,2011-01-31
99.42,2302.0,2011-01-28
97.39,1752.0,2011-01-27
97.91,1073.0,2011-01-26
95.25,668.0,2011-01-25
96.61,683.0,2011-01-24
97.6,675.0,2011-01-21
96.58,804.0,2011-01-20
98.16,369.0,2011-01-19
97.8,445.0,2011-01-18
98.06,391.0,2011-01-13
98.12,503.0,2011-01-12
97.61,1355.0,2011-01-11
95.7,851.0,2011-01-10
93.33,772.0,2011-01-07
94.52,1439.0,2011-01-06
95.5,1265.0,2011-01-05
93.53,586.0,2011-01-04
94.84,266.0,2011-01-03
94.75,266.0,2010-12-31
93.09,511.0,2010-12-30
94.14,269.0,2010-12-29
94.38,155.0,2010-12-28
93.85,196.0,2010-12-27
94.25,550.0,2010-12-23
93.65,508.0,2010-12-22
93.2,349.0,2010-12-21
92.74,420.0,2010-12-20
91.67,417.0,2010-12-17
91.71,213.0,2010-12-16
92.2,776.0,2010-12-15
91.21,398.0,2010-12-14
91.19,419.0,2010-12-13
90.48,372.0,2010-12-10
90.99,433.0,2010-12-09
90.77,485.0,2010-12-08
91.39,294.0,2010-12-07
91.45,359.0,2010-12-06
91.42,550.0,2010-12-03
90.69,657.0,2010-12-02
88.87,393.0,2010-12-01
85.92,244.0,2010-11-30
87.34,251.0,2010-11-29
85.58,29.0,2010-11-26
85.84,321.0,2010-11-24
83.25,321.0,2010-11-23
83.96,402.0,2010-11-22
84.34,1103.0,2010-11-19
85.05,428.0,2010-11-18
83.28,1014.0,2010-11-17
84.73,631.0,2010-11-16
86.7,145.0,2010-11-15
86.34,240.0,2010-11-12
88.81,384.0,2010-11-11
88.96,738.0,2010-11-10
88.33,326.0,2010-11-09
88.46,3096.0,2010-11-08
88.11,421.0,2010-11-04
88.0,421.0,2010-11-03
86.38,1276.0,2010-11-02
85.41,337.0,2010-11-01
84.62,496.0,2010-10-31
83.15,411.0,2010-10-28
83.59,163.0,2010-10-27
83.23,371.0,2010-10-26
83.66,815.0,2010-10-25
83.54,266.0,2010-10-24
82.96,199.0,2010-10-21
81.83,313.0,2010-10-20
83.6,258.0,2010-10-19
81.1,515.0,2010-10-18
84.37,165.0,2010-10-17
82.45,1214.0,2010-10-14
84.53,136.0,2010-10-13
84.64,174.0,2010-10-12
83.5,184.0,2010-10-11
83.72,122.0,2010-10-10
84.03,353.0,2010-10-07
83.43,325.0,2010-10-06
85.06,298.0,2010-10-05
84.84,791.0,2010-10-04
83.28,228.0,2010-10-03
83.75,413.0,2010-09-30
82.31,426.0,2010-09-29
80.77,586.0,2010-09-28
78.71,402.0,2010-09-27
78.57,393.0,2010-09-26
78.87,396.0,2010-09-23
78.11,516.0,2010-09-22
77.95,298.0,2010-09-21
78.42,364.0,2010-09-20
79.32,218.0,2010-09-19
78.21,425.0,2010-09-16
78.48,502.0,2010-09-15
78.91,551.0,2010-09-14
79.16,1067.0,2010-09-13
79.03,1451.0,2010-09-12
78.16,643.0,2010-09-09
77.47,250.0,2010-09-08
78.17,210.0,2010-09-07
77.74,242.0,2010-09-06
76.67,193.0,2010-09-02
76.93,161.0,2010-09-01
76.35,297.0,2010-08-31
74.64,762.0,2010-08-30
76.6,148.0,2010-08-29
76.65,329.0,2010-08-26
75.02,255.0,2010-08-25
73.48,328.0,2010-08-24
72.38,284.0,2010-08-23
73.62,421.0,2010-08-22
74.26,160.0,2010-08-19
75.3,260.0,2010-08-18
76.47,247.0,2010-08-17
76.93,302.0,2010-08-16
74.85,119.0,2010-08-15
75.11,116.0,2010-08-12
75.52,283.0,2010-08-11
77.64,188.0,2010-08-10
79.6,266.0,2010-08-09
80.99,156.0,2010-08-08
80.16,264.0,2010-08-05
81.61,54.0,2010-08-04
82.2,219.0,2010-08-03
82.68,270.0,2010-08-02
80.82,146.0,2010-08-01
78.18,161.0,2010-07-29
77.59,497.0,2010-07-28
76.06,269.0,2010-07-27
76.13,304.0,2010-07-26
77.5,116.0,2010-07-25
77.45,120.0,2010-07-22
77.82,521.0,2010-07-21
75.37,576.0,2010-07-20
76.22,408.0,2010-07-19
75.62,259.0,2010-07-18
75.37,92.0,2010-07-15
76.77,561.0,2010-07-13
76.65,143.0,2010-07-12
74.37,192.0,2010-07-11
75.42,206.0,2010-07-08
74.71,231.0,2010-07-07
73.51,116.0,2010-07-06
71.45,232.0,2010-07-05
71.65,156.0,2010-07-01
72.34,300.0,2010-06-30
75.01,242.0,2010-06-29
75.44,161.0,2010-06-28
77.59,96.0,2010-06-27
78.12,195.0,2010-06-24
76.47,66.0,2010-06-23
76.27,351.0,2010-06-22
78.04,166.0,2010-06-21
78.82,256.0,2010-06-20
78.22,71.0,2010-06-17
78.68,316.0,2010-06-16
78.14,239.0,2010-06-15
76.2,244.0,2010-06-14
75.2,88.0,2010-06-13
74.35,154.0,2010-06-10
75.29,459.0,2010-06-09
72.09,126.0,2010-06-08
72.09,61.0,2010-06-07
72.09,46.0,2010-06-06
72.09,300.0,2010-06-03
75.41,117.0,2010-06-02
73.75,77.0,2010-06-01
72.71,89.0,2010-05-31
74.02,26.0,2010-05-27
74.66,48.0,2010-05-26
71.74,75.0,2010-05-25
69.55,63.0,2010-05-24
71.17,117.0,2010-05-23
71.68,445.0,2010-05-20
71.84,45.0,2010-05-19
73.69,55.0,2010-05-18
74.43,32.0,2010-05-17
75.1,20.0,2010-05-16
77.18,230.0,2010-05-13
80.11,1.0,2010-05-12
81.2,57.0,2010-05-11
80.49,56.0,2010-05-10
80.12,60.0,2010-05-09
78.27,94.0,2010-05-06
79.83,49.0,2010-05-05
82.61,95.0,2010-05-04
88.94,89.0,2010-05-02
87.44,25.0,2010-04-29
86.9,22.0,2010-04-28
86.16,37.0,2010-04-27
85.78,18.0,2010-04-26
86.83,35.0,2010-04-25
87.25,55.0,2010-04-22
85.67,56.0,2010-04-21
85.7,87.0,2010-04-20
84.8,54.0,2010-04-19
84.23,34.0,2010-04-18
85.99,63.0,2010-04-15
87.17,14.0,2010-04-14
86.15,15.0,2010-04-13
84.72,12.0,2010-04-12
84.77,88.0,2010-04-11
84.83,54.0,2010-04-08
84.81,37.0,2010-04-07
85.59,58.0,2010-04-06
86.15,37.0,2010-04-05
85.88,22.0,2010-04-04
84.01,14.0,2010-03-31
82.7,20.0,2010-03-30
81.28,2.0,2010-03-29
81.17,21.0,2010-03-28
79.29,28.0,2010-03-25
79.61,24.0,2010-03-24
79.62,29.0,2010-03-23
80.7,201.0,2010-03-22
80.54,70.0,2010-03-21
79.88,96.0,2010-03-18
81.48,31.0,2010-03-17
81.96,31.0,2010-03-16
79.02,16.0,2010-03-15
77.89,6.0,2010-03-14
79.39,3.0,2010-03-12
80.28,11.0,2010-03-11
80.48,43.0,2010-03-10
79.91,18.0,2010-03-09
80.47,18.0,2010-03-08
79.89,80.0,2010-03-05
78.54,26.0,2010-03-04
79.25,29.0,2010-03-03
78.18,27.0,2010-03-02
76.89,11.0,2010-03-01
77.59,17.0,2010-02-26
76.29,76.0,2010-02-25
78.09,87.0,2010-02-24
77.25,28.0,2010-02-23
78.61,119.0,2010-02-22
78.19,35.0,2010-02-19
77.78,50.0,2010-02-18
76.27,7.0,2010-02-17
75.68,12.0,2010-02-16
72.9,11.0,2010-02-12
73.05,41.0,2010-02-11
72.54,16.0,2010-02-10
72.13,211.0,2010-02-09
70.11,5.0,2010-02-08
69.59,30.0,2010-02-05
72.13,35.0,2010-02-04
75.92,224.0,2010-02-03
76.06,27.0,2010-02-02
73.11,8.0,2010-02-01
71.46,9.0,2010-01-29
72.13,9.0,2010-01-28
72.24,5.0,2010-01-27
73.29,15.0,2010-01-26
73.69,1.0,2010-01-25
72.83,1.0,2010-01-22
74.58,1.0,2010-01-21
76.32,200.0,2010-01-20
77.63,200.0,2010-01-19
77.11,4.0,2010-01-15
77.82,6.0,2010-01-14
78.31,18.0,2010-01-13
79.3,7.0,2010-01-12
80.97,7.0,2010-01-11
81.37,7.0,2010-01-08
81.51,7.0,2010-01-07
81.89,7.0,2010-01-06
80.59,97.0,2010-01-05
80.12,97.0,2010-01-04
77.93,1.0,2009-12-31
78.03,1.0,2009-12-30
77.64,1.0,2009-12-29
77.32,1.0,2009-12-28
76.31,1.0,2009-12-24
75.45,1.0,2009-12-23
73.46,1.0,2009-12-22
72.99,1.0,2009-12-21
73.75,1.0,2009-12-18
73.37,4.0,2009-12-17
73.55,4.0,2009-12-16
72.05,105.0,2009-12-15
71.89,105.0,2009-12-14
71.88,105.0,2009-12-11
71.86,13.0,2009-12-10
72.39,13.0,2009-12-09
75.19,10.0,2009-12-08
76.43,10.0,2009-12-07
77.52,10.0,2009-12-04
78.36,1.0,2009-12-03
77.88,4.0,2009-12-02
79.35,3.0,2009-12-01
78.47,3.0,2009-11-30
77.18,3.0,2009-11-27
78.44,2.0,2009-11-25
76.46,2.0,2009-11-24
77.46,12.0,2009-11-23
77.2,6.0,2009-11-20
77.64,6.0,2009-11-19
79.47,2.0,2009-11-18
78.97,5.0,2009-11-17
78.76,5.0,2009-11-16
75.55,3.0,2009-11-13
76.02,12.0,2009-11-12
77.95,9.0,2009-11-11
77.5,2.0,2009-11-10
77.77,2.0,2009-11-09
75.87,2.0,2009-11-06
77.99,2.0,2009-11-05
78.89,18.0,2009-11-04
78.11,26.0,2009-11-03
76.55,12.0,2009-11-02
75.2,14.0,2009-10-29
78.04,5.0,2009-10-28
75.86,23.0,2009-10-27
77.92,16.0,2009-10-26
77.26,48.0,2009-10-25
78.92,22.0,2009-10-22
79.51,8.0,2009-10-21
79.69,58.0,2009-10-20
77.24,8.0,2009-10-19
77.77,2.0,2009-10-18
76.99,4.0,2009-10-15
73.1,9.0,2009-10-13
72.4,4.0,2009-10-12
71.36,4.0,2009-10-11
70.0,18.0,2009-10-08
69.77,11.0,2009-10-07
67.2,2.0,2009-10-06
68.56,2.0,2009-10-05
68.04,2.0,2009-10-04
68.07,27.0,2009-10-01
69.19,26.0,2009-09-30
69.07,14.0,2009-09-29
65.49,4.0,2009-09-28
65.54,17.0,2009-09-27
65.11,12.0,2009-09-24
64.82,20.0,2009-09-23
67.99,9.0,2009-09-22
70.53,8.0,2009-09-21
68.69,22.0,2009-09-20
71.32,114.0,2009-09-17
71.55,80.0,2009-09-16
71.67,13.0,2009-09-15
67.44,13.0,2009-09-13
67.69,21.0,2009-09-10
69.86,4.0,2009-09-09
69.83,6.0,2009-09-08
69.42,15.0,2009-09-07
66.82,4.0,2009-09-03
67.12,4.0,2009-09-02
67.66,39.0,2009-09-01
67.73,22.0,2009-08-31
69.65,13.0,2009-08-30
72.79,2.0,2009-08-27
72.51,2.0,2009-08-26
71.65,7.0,2009-08-25
71.82,23.0,2009-08-24
74.26,8.0,2009-08-23
74.19,8.0,2009-08-20
73.33,11.0,2009-08-19
74.59,11.0,2009-08-18
72.37,16.0,2009-08-17
70.54,11.0,2009-08-16
72.41,8.0,2009-08-13
73.48,2.0,2009-08-12
72.89,5.0,2009-08-11
72.46,18.0,2009-08-10
73.5,3.0,2009-08-09
73.59,7.0,2009-08-06
74.83,5.0,2009-08-05
75.51,16.0,2009-08-04
74.28,15.0,2009-08-03
73.55,7.0,2009-08-02
71.7,18.0,2009-07-30
70.11,18.0,2009-07-29
66.53,42.0,2009-07-28
69.88,16.0,2009-07-27
70.81,16.0,2009-07-26
70.32,32.0,2009-07-23
69.25,32.0,2009-07-22
67.21,15.0,2009-07-21
66.87,6.0,2009-07-20
66.44,3.0,2009-07-19
65.38,2.0,2009-07-16
63.09,2.0,2009-07-14
60.86,23.0,2009-07-13
60.69,20.0,2009-07-12
60.52,24.0,2009-07-09
61.1,55.0,2009-07-08
60.43,23.0,2009-07-07
63.23,20.0,2009-07-06
64.05,12.0,2009-07-05
66.65,20.0,2009-07-01
68.79,72.0,2009-06-30
69.3,61.0,2009-06-29
70.99,78.0,2009-06-28
68.92,4.0,2009-06-25
69.78,110.0,2009-06-24
68.33,515.0,2009-06-23
68.8,56.0,2009-06-22
66.98,36.0,2009-06-21
69.19,36.0,2009-06-18
71.06,34.0,2009-06-17
70.85,35.0,2009-06-16
70.24,25.0,2009-06-15
69.44,2.0,2009-06-14
70.92,20.0,2009-06-11
71.79,23.0,2009-06-10
70.8,13.0,2009-06-09
69.62,27.0,2009-06-08
67.88,24.0,2009-06-07
68.34,109.0,2009-06-04
