Date,Close/Last,Volume,Open,High,Low
02/04/2022,91.36,N/A,91.36,91.36,91.36
02/03/2022,89.67,N/A,89.67,89.67,89.67
02/02/2022,87.93,N/A,87.93,87.93,87.93
02/01/2022,87.83,N/A,87.83,87.83,87.83
01/31/2022,82.98,N/A,82.98,82.98,82.98
01/28/2022,82.91,N/A,82.91,82.91,82.91
01/27/2022,82.89,N/A,82.89,82.89,82.89
01/26/2022,83,N/A,83,83,83
01/25/2022,82.65,N/A,82.65,82.65,82.65
01/24/2022,82.08,N/A,82.08,82.08,82.08
01/21/2022,82.63,N/A,82.63,82.63,82.63
01/20/2022,82.77,N/A,82.77,82.77,82.77
01/19/2022,82.86,N/A,82.86,82.86,82.86
01/18/2022,82.37,N/A,82.37,82.37,82.37
01/14/2022,81.59,N/A,81.59,81.59,81.59
01/13/2022,80.67,N/A,80.67,80.67,80.67
01/12/2022,80.94,N/A,80.94,80.94,80.94
01/11/2022,80.04,N/A,80.04,80.04,80.04
01/10/2022,77.95,N/A,77.95,77.95,77.95
01/07/2022,78.48,N/A,78.48,78.48,78.48
01/06/2022,78.88,N/A,78.88,78.88,78.88
01/05/2022,77.59,N/A,77.59,77.59,77.59
01/04/2022,76.86,N/A,76.86,76.86,76.86
01/03/2022,76,N/A,76,76,76
12/31/2021,71.69,N/A,71.69,71.69,71.69
12/30/2021,71.77,N/A,71.77,71.77,71.77
12/29/2021,71.73,N/A,71.73,71.73,71.73
12/28/2021,71.65,N/A,71.65,71.65,71.65
12/27/2021,71.58,N/A,71.58,71.58,71.58
12/23/2021,71.17,N/A,71.17,71.17,71.17
12/22/2021,70.89,N/A,70.89,70.89,70.89
12/21/2021,70.37,N/A,70.37,70.37,70.37
12/20/2021,69.46,N/A,69.46,69.46,69.46
12/17/2021,70.35,N/A,70.35,70.35,70.35
12/16/2021,71,N/A,71,71,71
12/15/2021,70.26,N/A,70.26,70.26,70.26
12/14/2021,70.18,N/A,70.18,70.18,70.18
12/13/2021,70.5,N/A,70.5,70.5,70.5
12/10/2021,70.76,N/A,70.76,70.76,70.76
12/09/2021,70.28,N/A,70.28,70.28,70.28
12/08/2021,71.3,N/A,71.3,71.3,71.3
12/07/2021,71.05,N/A,71.05,71.05,71.05
12/06/2021,68.96,N/A,68.96,68.96,68.96
12/03/2021,66.18,N/A,66.18,66.18,66.18
12/02/2021,66.37,N/A,66.37,66.37,66.37
12/01/2021,65.5,N/A,65.5,65.5,65.5
11/30/2021,78.65,N/A,78.65,78.65,78.65
11/29/2021,78.83,N/A,78.83,78.83,78.83
11/26/2021,78.66,N/A,78.66,78.66,78.66
11/24/2021,80.12,N/A,80.12,80.12,80.12
11/23/2021,80.15,N/A,80.15,80.15,80.15
11/22/2021,79.73,N/A,79.73,79.73,79.73
11/19/2021,79.5,N/A,79.5,79.5,79.5
11/18/2021,80.34,N/A,80.34,80.34,80.34
11/17/2021,80.03,N/A,80.03,80.03,80.03
11/16/2021,81,N/A,81,81,81
11/15/2021,81.03,N/A,81.03,81.03,81.03
11/12/2021,80.99,N/A,80.99,80.99,80.99
11/11/2021,81.43,N/A,81.43,81.43,81.43
11/10/2021,81.24,N/A,81.24,81.24,81.24
11/09/2021,83.03,N/A,83.03,83.03,83.03
11/08/2021,81.55,N/A,81.55,81.55,81.55
11/05/2021,81.07,N/A,81.07,81.07,81.07
11/04/2021,79.08,N/A,79.08,79.08,79.08
11/03/2021,80.79,N/A,80.79,80.79,80.79
11/02/2021,83.5,N/A,83.5,83.5,83.5
11/01/2021,83.59,N/A,83.59,83.59,83.59
10/29/2021,81.22,N/A,81.22,81.22,81.22
10/28/2021,81.19,N/A,81.19,81.19,81.19
10/27/2021,81.17,N/A,81.17,81.17,81.17
10/26/2021,81.46,N/A,81.46,81.46,81.46
10/25/2021,72.17,N/A,72.17,72.17,72.17
10/22/2021,81.29,N/A,81.29,81.29,81.29
10/21/2021,80.93,N/A,80.93,80.93,80.93
10/20/2021,81.23,N/A,81.23,81.23,81.23
10/19/2021,80.86,N/A,80.86,80.86,80.86
10/18/2021,80.56,N/A,80.56,80.56,80.56
10/15/2021,80.55,N/A,80.55,80.55,80.55
10/14/2021,80.05,N/A,80.05,80.05,80.05
10/13/2021,79.53,N/A,79.53,79.53,79.53
10/12/2021,79.62,N/A,79.62,79.62,79.62
10/11/2021,79.58,N/A,79.58,79.58,79.58
10/08/2021,78.74,N/A,78.74,78.74,78.74
10/07/2021,78.03,N/A,78.03,78.03,78.03
10/06/2021,77.31,N/A,77.31,77.31,77.31
10/05/2021,78.6,N/A,78.6,78.6,78.6
10/04/2021,77.44,N/A,77.44,77.44,77.44
10/01/2021,75.78,N/A,75.78,75.78,75.78
09/30/2021,71.13,N/A,71.13,71.13,71.13
09/29/2021,71.54,N/A,71.54,71.54,71.54
09/28/2021,71.58,N/A,71.58,71.58,71.58
09/27/2021,71.6,N/A,71.6,71.6,71.6
09/24/2021,71.32,N/A,71.32,71.32,71.32
09/23/2021,71.16,N/A,71.16,71.16,71.16
09/22/2021,70.85,N/A,70.85,70.85,70.85
09/21/2021,70.27,N/A,70.27,70.27,70.27
09/20/2021,70.14,N/A,70.14,70.14,70.14
09/17/2021,70.86,N/A,70.86,70.86,70.86
09/16/2021,71.14,N/A,71.14,71.14,71.14
09/15/2021,71.13,N/A,71.13,71.13,71.13
09/14/2021,69.91,N/A,69.91,69.91,69.91
09/13/2021,69.9,N/A,69.9,69.9,69.9
09/10/2021,69.41,N/A,69.41,69.41,69.41
09/09/2021,68.3,N/A,68.3,68.3,68.3
09/08/2021,69.17,N/A,69.17,69.17,69.17
09/07/2021,68.41,N/A,68.41,68.41,68.41
09/03/2021,69.22,N/A,69.22,69.22,69.22
09/02/2021,69.84,N/A,69.84,69.84,69.84
09/01/2021,68.5,N/A,68.5,68.5,68.5
08/31/2021,67.71,N/A,67.71,67.71,67.71
08/30/2021,67.74,N/A,67.74,67.74,67.74
08/27/2021,67.7,N/A,67.7,67.7,67.7
08/26/2021,67.52,N/A,67.52,67.52,67.52
08/25/2021,67.69,N/A,67.69,67.69,67.69
08/24/2021,67.51,N/A,67.51,67.51,67.51
08/23/2021,66.99,N/A,66.99,66.99,66.99
08/20/2021,65.87,N/A,65.87,65.87,65.87
08/19/2021,66.37,N/A,66.37,66.37,66.37
08/18/2021,67.07,N/A,67.07,67.07,67.07
08/17/2021,67.59,N/A,67.59,67.59,67.59
08/16/2021,67.94,N/A,67.94,67.94,67.94
08/13/2021,68.57,N/A,68.57,68.57,68.57
08/12/2021,68.97,N/A,68.97,68.97,68.97
08/11/2021,69.06,N/A,69.06,69.06,69.06
08/10/2021,68.4,N/A,68.4,68.4,68.4
08/09/2021,67.1,N/A,67.1,67.1,67.1
08/06/2021,68.49,N/A,68.49,68.49,68.49
08/05/2021,69.1,N/A,69.1,69.1,69.1
08/04/2021,68.29,N/A,68.29,68.29,68.29
08/03/2021,70.42,N/A,70.42,70.42,70.42
08/02/2021,71.05,N/A,71.05,71.05,71.05
07/30/2021,72.43,N/A,72.43,72.43,72.43
07/29/2021,72.41,N/A,72.41,72.41,72.41
07/28/2021,72.3,N/A,72.3,72.3,72.3
07/27/2021,72.19,N/A,72.19,72.19,72.19
07/26/2021,72.24,N/A,72.24,72.24,72.24
07/23/2021,72.28,N/A,72.28,72.28,72.28
07/22/2021,72.23,N/A,72.23,72.23,72.23
07/21/2021,71.7,N/A,71.7,71.7,71.7
07/20/2021,70.52,N/A,70.52,70.52,70.52
07/19/2021,70.14,N/A,70.14,70.14,70.14
07/16/2021,72.64,N/A,72.64,72.64,72.64
07/15/2021,72.55,N/A,72.55,72.55,72.55
07/14/2021,73.31,N/A,73.31,73.31,73.31
07/13/2021,74.6,N/A,74.6,74.6,74.6
07/12/2021,73.79,N/A,73.79,73.79,73.79
07/09/2021,74.09,N/A,74.09,74.09,74.09
07/08/2021,72.87,N/A,72.87,72.87,72.87
07/07/2021,72.27,N/A,72.27,72.27,72.27
07/06/2021,73.24,N/A,73.24,73.24,73.24
07/02/2021,74.86,N/A,74.86,74.86,74.86
07/01/2021,74.89,N/A,74.89,74.89,74.89
06/30/2021,71.35,N/A,71.35,71.35,71.35
06/29/2021,71.33,N/A,71.33,71.33,71.33
06/28/2021,71.32,N/A,71.32,71.32,71.32
06/25/2021,71.48,N/A,71.48,71.48,71.48
06/24/2021,71.34,N/A,71.34,71.34,71.34
06/23/2021,71.29,N/A,71.29,71.29,71.29
06/22/2021,71.23,N/A,71.23,71.23,71.23
06/21/2021,71.33,N/A,71.33,71.33,71.33
06/18/2021,70.65,N/A,70.65,70.65,70.65
06/17/2021,70.43,N/A,70.43,70.43,70.43
06/16/2021,70.95,N/A,70.95,70.95,70.95
06/15/2021,70.92,N/A,70.92,70.92,70.92
06/14/2021,70.24,N/A,70.24,70.24,70.24
06/11/2021,70.25,N/A,70.25,70.25,70.25
06/10/2021,69.88,N/A,69.88,69.88,69.88
06/09/2021,69.66,N/A,69.66,69.66,69.66
06/08/2021,69.73,N/A,69.73,69.73,69.73
06/07/2021,69.09,N/A,69.09,69.09,69.09
06/04/2021,69.4,N/A,69.4,69.4,69.4
06/03/2021,68.7,N/A,68.7,68.7,68.7
06/02/2021,68.73,N/A,68.73,68.73,68.73
06/01/2021,67.67,N/A,67.67,67.67,67.67
05/28/2021,65.16,N/A,65.16,65.16,65.16
05/27/2021,65.18,N/A,65.18,65.18,65.18
05/26/2021,65.12,N/A,65.12,65.12,65.12
05/25/2021,65.1,N/A,65.1,65.1,65.1
05/24/2021,65.09,N/A,65.09,65.09,65.09
05/21/2021,64.48,N/A,64.48,64.48,64.48
05/20/2021,63.99,N/A,63.99,63.99,63.99
05/19/2021,64.47,N/A,64.47,64.47,64.47
05/18/2021,65.33,N/A,65.33,65.33,65.33
05/17/2021,65.68,N/A,65.68,65.68,65.68
05/14/2021,65.23,N/A,65.23,65.23,65.23
05/13/2021,64.38,N/A,64.38,64.38,64.38
05/12/2021,65.74,N/A,65.74,65.74,65.74
05/11/2021,65.22,N/A,65.22,65.22,65.22
05/10/2021,64.96,N/A,64.96,64.96,64.96
05/07/2021,64.94,N/A,64.94,64.94,64.94
05/06/2021,64.78,N/A,64.78,64.78,64.78
05/05/2021,65.56,N/A,65.56,65.56,65.56
05/04/2021,65.61,N/A,65.61,65.61,65.61
05/03/2021,64.47,N/A,64.47,64.47,64.47
04/30/2021,61.7,N/A,61.7,61.7,61.7
04/29/2021,61.77,N/A,61.77,61.77,61.77
04/28/2021,61.66,N/A,61.66,61.66,61.66
04/27/2021,61.53,N/A,61.53,61.53,61.53
04/26/2021,61.33,N/A,61.33,61.33,61.33
04/23/2021,61.39,N/A,61.39,61.39,61.39
04/22/2021,61.19,N/A,61.19,61.19,61.19
04/21/2021,61.16,N/A,61.16,61.16,61.16
04/20/2021,61.66,N/A,61.66,61.66,61.66
04/19/2021,62,N/A,62,62,62
04/16/2021,61.88,N/A,61.88,61.88,61.88
04/15/2021,62.05,N/A,62.05,62.05,62.05
04/14/2021,61.88,N/A,61.88,61.88,61.88
04/13/2021,60.04,N/A,60.04,60.04,60.04
04/12/2021,59.72,N/A,59.72,59.72,59.72
04/09/2021,59.44,N/A,59.44,59.44,59.44
04/08/2021,59.65,N/A,59.65,59.65,59.65
04/07/2021,59.79,N/A,59.79,59.79,59.79
04/06/2021,59.41,N/A,59.41,59.41,59.41
04/05/2021,58.79,N/A,58.79,58.79,58.79
04/01/2021,61.46,N/A,61.46,61.46,61.46
03/31/2021,62.36,N/A,62.36,62.36,62.36
03/30/2021,62.42,N/A,62.42,62.42,62.42
03/29/2021,62.51,N/A,62.51,62.51,62.51
03/26/2021,62.43,N/A,62.43,62.43,62.43
03/25/2021,62.01,N/A,62.01,62.01,62.01
03/24/2021,62.58,N/A,62.58,62.58,62.58
03/23/2021,61.69,N/A,61.69,61.69,61.69
03/22/2021,62.84,N/A,62.84,62.84,62.84
03/19/2021,62.8,N/A,62.8,62.8,62.8
03/18/2021,62.26,N/A,62.26,62.26,62.26
03/17/2021,64.25,N/A,64.25,64.25,64.25
03/16/2021,64.35,N/A,64.35,64.35,64.35
03/15/2021,64.66,N/A,64.66,64.66,64.66
03/12/2021,64.78,N/A,64.78,64.78,64.78
03/11/2021,65.01,N/A,65.01,65.01,65.01
03/10/2021,63.98,N/A,63.98,63.98,63.98
03/09/2021,63.68,N/A,63.68,63.68,63.68
03/08/2021,64.42,N/A,64.42,64.42,64.42
03/05/2021,65.22,N/A,65.22,65.22,65.22
03/04/2021,63.34,N/A,63.34,63.34,63.34
03/03/2021,61.13,N/A,61.13,61.13,61.13
03/02/2021,59.73,N/A,59.73,59.73,59.73
03/01/2021,60.57,N/A,60.57,60.57,60.57
02/26/2021,59.06,N/A,59.06,59.06,59.06
02/25/2021,59.17,N/A,59.17,59.17,59.17
02/24/2021,59.14,N/A,59.14,59.14,59.14
02/23/2021,58.89,N/A,58.89,58.89,58.89
02/22/2021,58.9,N/A,58.9,58.9,58.9
02/19/2021,58.26,N/A,58.26,58.26,58.26
02/18/2021,58.67,N/A,58.67,58.67,58.67
02/17/2021,58.9,N/A,58.9,58.9,58.9
02/16/2021,58.44,N/A,58.44,58.44,58.44
02/12/2021,58.14,N/A,58.14,58.14,58.14
02/11/2021,57.49,N/A,57.49,57.49,57.49
02/10/2021,57.74,N/A,57.74,57.74,57.74
02/09/2021,57.54,N/A,57.54,57.54,57.54
02/08/2021,57.27,N/A,57.27,57.27,57.27
02/05/2021,56.44,N/A,56.44,56.44,56.44
02/04/2021,55.95,N/A,55.95,55.95,55.95
02/03/2021,55.5,N/A,55.5,55.5,55.5
02/02/2021,54.67,N/A,54.67,54.67,54.67
02/01/2021,53.52,N/A,53.52,53.52,53.52
01/29/2021,52.1,N/A,52.1,52.1,52.1
01/28/2021,52.11,N/A,52.11,52.11,52.11
01/27/2021,52.16,N/A,52.16,52.16,52.16
01/26/2021,52.13,N/A,52.13,52.13,52.13
01/25/2021,52.16,N/A,52.16,52.16,52.16
01/22/2021,52.03,N/A,52.03,52.03,52.03
01/21/2021,52.3,N/A,52.3,52.3,52.3
01/20/2021,52.37,N/A,52.37,52.37,52.37
01/19/2021,52.23,N/A,52.23,52.23,52.23
01/15/2021,51.96,N/A,51.96,51.96,51.96
01/14/2021,52.59,N/A,52.59,52.59,52.59
01/13/2021,52.21,N/A,52.21,52.21,52.21
01/12/2021,52.39,N/A,52.39,52.39,52.39
01/11/2021,51.73,N/A,51.73,51.73,51.73
01/08/2021,51.72,N/A,51.72,51.72,51.72
01/07/2021,50.62,N/A,50.62,50.62,50.62
01/06/2021,50.46,N/A,50.46,50.46,50.46
01/05/2021,49.84,N/A,49.84,49.84,49.84
01/04/2021,47.67,N/A,47.67,47.67,47.67
12/31/2020,47.07,N/A,47.07,47.07,47.07
12/30/2020,47.06,N/A,47.06,47.06,47.06
12/29/2020,47.03,N/A,47.03,47.03,47.03
12/28/2020,46.97,N/A,46.97,46.97,46.97
12/24/2020,47.09,N/A,47.09,47.09,47.09
12/23/2020,47.06,N/A,47.06,47.06,47.06
12/22/2020,46.76,N/A,46.76,46.76,46.76
12/21/2020,47.06,N/A,47.06,47.06,47.06
12/18/2020,47.53,N/A,47.53,47.53,47.53
12/17/2020,47.24,N/A,47.24,47.24,47.24
12/16/2020,46.99,N/A,46.99,46.99,46.99
12/15/2020,46.89,N/A,46.89,46.89,46.89
12/14/2020,46.54,N/A,46.54,46.54,46.54
12/11/2020,46.3,N/A,46.3,46.3,46.3
12/10/2020,46.44,N/A,46.44,46.44,46.44
12/09/2020,45.58,N/A,45.58,45.58,45.58
12/08/2020,45.64,N/A,45.64,45.64,45.64
12/07/2020,45.76,N/A,45.76,45.76,45.76
12/04/2020,46.16,N/A,46.16,46.16,46.16
12/03/2020,45.62,N/A,45.62,45.62,45.62
12/02/2020,45.3,N/A,45.3,45.3,45.3
12/01/2020,44.61,N/A,44.61,44.61,44.61
11/30/2020,41.35,N/A,41.35,41.35,41.35
11/27/2020,41.36,N/A,41.36,41.36,41.36
11/25/2020,41.37,N/A,41.37,41.37,41.37
11/24/2020,41.25,N/A,41.25,41.25,41.25
11/23/2020,40.88,N/A,40.88,40.88,40.88
11/20/2020,40.72,N/A,40.72,40.72,40.72
11/19/2020,40.57,N/A,40.57,40.57,40.57
11/18/2020,40.61,N/A,40.61,40.61,40.61
11/17/2020,40.46,N/A,40.46,40.46,40.46
11/16/2020,40.42,N/A,40.42,40.42,40.42
11/13/2020,39.83,N/A,39.83,39.83,39.83
11/12/2020,40.38,N/A,40.38,40.38,40.38
11/11/2020,40.58,N/A,40.58,40.58,40.58
11/10/2020,40.52,N/A,40.52,40.52,40.52
11/09/2020,39.78,N/A,39.78,39.78,39.78
11/06/2020,37.42,N/A,37.42,37.42,37.42
11/05/2020,38.73,N/A,38.73,38.73,38.73
11/04/2020,39.04,N/A,39.04,39.04,39.04
11/03/2020,37.7,N/A,37.7,37.7,37.7
11/02/2020,36.9,N/A,36.9,36.9,36.9
10/30/2020,39.55,N/A,39.55,39.55,39.55
10/29/2020,39.57,N/A,39.57,39.57,39.57
10/28/2020,39.68,N/A,39.68,39.68,39.68
10/27/2020,39.98,N/A,39.98,39.98,39.98
10/26/2020,39.8,N/A,39.8,39.8,39.8
10/23/2020,40.09,N/A,40.09,40.09,40.09
10/22/2020,40.31,N/A,40.31,40.31,40.31
10/21/2020,40.11,N/A,40.11,40.11,40.11
10/20/2020,40.72,N/A,40.72,40.72,40.72
10/19/2020,40.46,N/A,40.46,40.46,40.46
10/16/2020,40.48,N/A,40.48,40.48,40.48
10/15/2020,40.54,N/A,40.54,40.54,40.54
10/14/2020,40.59,N/A,40.59,40.59,40.59
10/13/2020,40.09,N/A,40.09,40.09,40.09
10/12/2020,39.6,N/A,39.6,39.6,39.6
10/09/2020,40.4,N/A,40.4,40.4,40.4
10/08/2020,40.82,N/A,40.82,40.82,40.82
10/07/2020,39.86,N/A,39.86,39.86,39.86
10/06/2020,40.45,N/A,40.45,40.45,40.45
10/05/2020,39.2,N/A,39.2,39.2,39.2
10/02/2020,37.23,N/A,37.23,37.23,37.23
10/01/2020,38.83,N/A,38.83,38.83,38.83
09/30/2020,39.63,N/A,39.63,39.63,39.63
09/29/2020,39.58,N/A,39.58,39.58,39.58
09/28/2020,39.71,N/A,39.71,39.71,39.71
09/25/2020,39.66,N/A,39.66,39.66,39.66
09/24/2020,39.67,N/A,39.67,39.67,39.67
09/23/2020,39.58,N/A,39.58,39.58,39.58
09/22/2020,39.54,N/A,39.54,39.54,39.54
09/21/2020,39.45,N/A,39.45,39.45,39.45
09/18/2020,40.13,N/A,40.13,40.13,40.13
09/17/2020,40.08,N/A,40.08,40.08,40.08
09/16/2020,39.7,N/A,39.7,39.7,39.7
09/15/2020,38.72,N/A,38.72,38.72,38.72
09/14/2020,38.14,N/A,38.14,38.14,38.14
09/11/2020,38.19,N/A,38.19,38.19,38.19
09/10/2020,38.18,N/A,38.18,38.18,38.18
09/09/2020,38.72,N/A,38.72,38.72,38.72
09/08/2020,37.76,N/A,37.76,37.76,37.76
09/04/2020,40.18,N/A,40.18,40.18,40.18
09/03/2020,41.54,N/A,41.54,41.54,41.54
09/02/2020,41.67,N/A,41.67,41.67,41.67
09/01/2020,42.85,N/A,42.85,42.85,42.85
08/31/2020,42.69,N/A,42.69,42.69,42.69
08/28/2020,42.41,N/A,42.41,42.41,42.41
08/27/2020,42.41,N/A,42.41,42.41,42.41
08/26/2020,42.46,N/A,42.46,42.46,42.46
08/25/2020,42.45,N/A,42.45,42.45,42.45
08/24/2020,42.28,N/A,42.28,42.28,42.28
08/21/2020,42.2,N/A,42.2,42.2,42.2
08/20/2020,42.36,N/A,42.36,42.36,42.36
08/19/2020,42.47,N/A,42.47,42.47,42.47
08/18/2020,42.47,N/A,42.47,42.47,42.47
08/17/2020,42.49,N/A,42.49,42.49,42.49
08/14/2020,42.04,N/A,42.04,42.04,42.04
08/13/2020,42.16,N/A,42.16,42.16,42.16
08/12/2020,42.43,N/A,42.43,42.43,42.43
08/11/2020,41.71,N/A,41.71,41.71,41.71
08/10/2020,41.94,N/A,41.94,41.94,41.94
08/07/2020,41.4,N/A,41.4,41.4,41.4
08/06/2020,41.99,N/A,41.99,41.99,41.99
08/05/2020,42.19,N/A,42.19,42.19,42.19
08/04/2020,41.74,N/A,41.74,41.74,41.74
08/03/2020,41.11,N/A,41.11,41.11,41.11
07/31/2020,40.77,N/A,40.77,40.77,40.77
07/30/2020,40.75,N/A,40.75,40.75,40.75
07/29/2020,40.87,N/A,40.87,40.87,40.87
07/28/2020,40.84,N/A,40.84,40.84,40.84
07/27/2020,40.94,N/A,40.94,40.94,40.94
07/24/2020,40.87,N/A,40.87,40.87,40.87
07/23/2020,40.81,N/A,40.81,40.81,40.81
07/22/2020,41.08,N/A,41.08,41.08,41.08
07/21/2020,41.08,N/A,41.08,41.08,41.08
07/20/2020,40.67,N/A,40.67,40.67,40.67
07/17/2020,40.59,N/A,40.59,40.59,40.59
07/16/2020,40.67,N/A,40.67,40.67,40.67
07/15/2020,40.93,N/A,40.93,40.93,40.93
07/14/2020,40.41,N/A,40.41,40.41,40.41
07/13/2020,40.28,N/A,40.28,40.28,40.28
07/10/2020,40.58,N/A,40.58,40.58,40.58
07/09/2020,39.9,N/A,39.9,39.9,39.9
07/08/2020,40.87,N/A,40.87,40.87,40.87
07/07/2020,40.61,N/A,40.61,40.61,40.61
07/06/2020,40.63,N/A,40.63,40.63,40.63
07/02/2020,40.65,N/A,40.65,40.65,40.65
07/01/2020,39.86,N/A,39.86,39.86,39.86
06/30/2020,38.31,N/A,38.31,38.31,38.31
06/29/2020,38.33,N/A,38.33,38.33,38.33
06/26/2020,38.22,N/A,38.22,38.22,38.22
06/25/2020,38.25,N/A,38.25,38.25,38.25
06/24/2020,38.13,N/A,38.13,38.13,38.13
06/23/2020,38.66,N/A,38.66,38.66,38.66
06/22/2020,38.76,N/A,38.76,38.76,38.76
06/19/2020,38.48,N/A,38.48,38.48,38.48
06/18/2020,38.19,N/A,38.19,38.19,38.19
06/17/2020,37.84,N/A,37.84,37.84,37.84
06/16/2020,38.03,N/A,38.03,38.03,38.03
06/15/2020,37.42,N/A,37.42,37.42,37.42
06/12/2020,36.93,N/A,36.93,36.93,36.93
06/11/2020,36.97,N/A,36.97,36.97,36.97
06/10/2020,39.03,N/A,39.03,39.03,39.03
06/09/2020,38.59,N/A,38.59,38.59,38.59
06/08/2020,38.05,N/A,38.05,38.05,38.05
06/05/2020,39.11,N/A,39.11,39.11,39.11
06/04/2020,37.37,N/A,37.37,37.37,37.37
06/03/2020,37.27,N/A,37.27,37.27,37.27
06/02/2020,36.82,N/A,36.82,36.82,36.82
06/01/2020,35.54,N/A,35.54,35.54,35.54
05/29/2020,28.53,N/A,28.53,28.53,28.53
05/28/2020,28.44,N/A,28.44,28.44,28.44
05/27/2020,28.35,N/A,28.35,28.35,28.35
05/26/2020,28.58,N/A,28.58,28.58,28.58
05/22/2020,28.36,N/A,28.36,28.36,28.36
05/21/2020,28.53,N/A,28.53,28.53,28.53
05/20/2020,28.4,N/A,28.4,28.4,28.4
05/19/2020,27.86,N/A,27.86,27.86,27.86
05/18/2020,27.72,N/A,27.72,27.72,27.72
05/15/2020,26.74,N/A,26.74,26.74,26.74
05/14/2020,25.88,N/A,25.88,25.88,25.88
05/13/2020,24.66,N/A,24.66,24.66,24.66
05/12/2020,25.01,N/A,25.01,25.01,25.01
05/11/2020,24.08,N/A,24.08,24.08,24.08
05/08/2020,24.67,N/A,24.67,24.67,24.67
05/07/2020,23.72,N/A,23.72,23.72,23.72
05/06/2020,24.2,N/A,24.2,24.2,24.2
05/05/2020,24.79,N/A,24.79,24.79,24.79
05/04/2020,21.2,N/A,21.2,21.2,21.2
05/01/2020,20.66,N/A,20.66,20.66,20.66
04/30/2020,16.7,N/A,16.7,16.7,16.7
04/29/2020,16.52,N/A,16.52,16.52,16.52
04/28/2020,16.26,N/A,16.26,16.26,16.26
04/27/2020,16.32,N/A,16.32,16.32,16.32
04/24/2020,17.12,N/A,17.12,17.12,17.12
04/23/2020,17.01,N/A,17.01,17.01,17.01
04/22/2020,16.23,N/A,16.23,16.23,16.23
04/21/2020,15.5,N/A,15.5,15.5,15.5
04/20/2020,16.18,N/A,16.18,16.18,16.18
04/17/2020,23.04,N/A,23.04,23.04,23.04
04/16/2020,23.43,N/A,23.43,23.43,23.43
04/15/2020,23.6,N/A,23.6,23.6,23.6
04/14/2020,24.11,N/A,24.11,24.11,24.11
04/13/2020,25.39,N/A,25.39,25.39,25.39
04/09/2020,25.36,N/A,25.36,25.36,25.36
04/08/2020,26.7,N/A,26.7,26.7,26.7
04/07/2020,25.58,N/A,25.58,25.58,25.58
04/06/2020,27.18,N/A,27.18,27.18,27.18
04/03/2020,28.67,N/A,28.67,28.67,28.67
04/02/2020,25.99,N/A,25.99,25.99,25.99
04/01/2020,21.45,N/A,21.45,21.45,21.45
03/31/2020,21.82,N/A,21.82,21.82,21.82
03/30/2020,30.43,N/A,30.43,30.43,30.43
03/27/2020,30.56,N/A,30.56,30.56,30.56
03/26/2020,30.71,N/A,30.71,30.71,30.71
03/25/2020,31.05,N/A,31.05,31.05,31.05
03/24/2020,30.94,N/A,30.94,30.94,30.94
03/23/2020,30.76,N/A,30.76,30.76,30.76
03/20/2020,30.53,N/A,30.53,30.53,30.53
03/19/2020,31.7,N/A,31.7,31.7,31.7
03/18/2020,29.64,N/A,29.64,29.64,29.64
03/17/2020,32.61,N/A,32.61,32.61,32.61
03/16/2020,33.46,N/A,33.46,33.46,33.46
03/13/2020,35.14,N/A,35.14,35.14,35.14
03/12/2020,35.03,N/A,35.03,35.03,35.03
03/11/2020,35.95,N/A,35.95,35.95,35.95
03/10/2020,36.88,N/A,36.88,36.88,36.88
03/09/2020,34.52,N/A,34.52,34.52,34.52
03/06/2020,42.33,N/A,42.33,42.33,42.33
03/05/2020,46.09,N/A,46.09,46.09,46.09
03/04/2020,46.85,N/A,46.85,46.85,46.85
03/03/2020,47.21,N/A,47.21,47.21,47.21
03/02/2020,46.8,N/A,46.8,46.8,46.8
02/28/2020,50.54,N/A,50.54,50.54,50.54
02/27/2020,50.66,N/A,50.66,50.66,50.66
02/26/2020,50.84,N/A,50.84,50.84,50.84
02/25/2020,51.02,N/A,51.02,51.02,51.02
02/24/2020,51.34,N/A,51.34,51.34,51.34
02/21/2020,51.86,N/A,51.86,51.86,51.86
02/20/2020,52.02,N/A,52.02,52.02,52.02
02/19/2020,51.87,N/A,51.87,51.87,51.87
02/18/2020,51.36,N/A,51.36,51.36,51.36
02/14/2020,51.37,N/A,51.37,51.37,51.37
02/13/2020,51.03,N/A,51.03,51.03,51.03
02/12/2020,50.88,N/A,50.88,50.88,50.88
02/11/2020,50.1,N/A,50.1,50.1,50.1
02/10/2020,49.84,N/A,49.84,49.84,49.84
02/07/2020,50.4,N/A,50.4,50.4,50.4
02/06/2020,50.88,N/A,50.88,50.88,50.88
02/05/2020,50.71,N/A,50.71,50.71,50.71
02/04/2020,49.7,N/A,49.7,49.7,49.7
02/03/2020,50.16,N/A,50.16,50.16,50.16
01/31/2020,57.53,N/A,57.53,57.53,57.53
01/30/2020,57.56,N/A,57.56,57.56,57.56
01/29/2020,57.67,N/A,57.67,57.67,57.67
01/28/2020,57.69,N/A,57.69,57.69,57.69
01/27/2020,57.63,N/A,57.63,57.63,57.63
01/24/2020,57.88,N/A,57.88,57.88,57.88
01/23/2020,58.28,N/A,58.28,58.28,58.28
01/22/2020,58.66,N/A,58.66,58.66,58.66
01/21/2020,59.28,N/A,59.28,59.28,59.28
01/17/2020,59.37,N/A,59.37,59.37,59.37
01/16/2020,59.35,N/A,59.35,59.35,59.35
01/15/2020,58.98,N/A,58.98,58.98,58.98
01/14/2020,59.22,N/A,59.22,59.22,59.22
01/13/2020,59.12,N/A,59.12,59.12,59.12
01/10/2020,59.74,N/A,59.74,59.74,59.74
01/09/2020,60.09,N/A,60.09,60.09,60.09
01/08/2020,60.11,N/A,60.11,60.11,60.11
01/07/2020,62.6,N/A,62.6,62.6,62.6
01/06/2020,63.07,N/A,63.07,63.07,63.07
01/03/2020,62.87,N/A,62.87,62.87,62.87
01/02/2020,61.09,N/A,61.09,61.09,61.09
12/31/2019,59.8,N/A,59.8,59.8,59.8
12/30/2019,59.83,N/A,59.83,59.83,59.83
12/27/2019,59.84,N/A,59.84,59.84,59.84
12/26/2019,59.83,N/A,59.83,59.83,59.83
12/24/2019,59.72,N/A,59.72,59.72,59.72
12/23/2019,59.58,N/A,59.58,59.58,59.58
12/20/2019,59.56,N/A,59.56,59.56,59.56
12/19/2019,59.81,N/A,59.81,59.81,59.81
12/18/2019,59.68,N/A,59.68,59.68,59.68
12/17/2019,59.69,N/A,59.69,59.69,59.69
12/16/2019,59.34,N/A,59.34,59.34,59.34
12/13/2019,59.26,N/A,59.26,59.26,59.26
12/12/2019,58.74,N/A,58.74,58.74,58.74
12/11/2019,58.49,N/A,58.49,58.49,58.49
12/10/2019,58.81,N/A,58.81,58.81,58.81
12/09/2019,58.65,N/A,58.65,58.65,58.65
12/06/2019,58.79,N/A,58.79,58.79,58.79
12/05/2019,58.17,N/A,58.17,58.17,58.17
12/04/2019,58.17,N/A,58.17,58.17,58.17
12/03/2019,56.07,N/A,56.07,56.07,56.07
12/02/2019,55.94,N/A,55.94,55.94,55.94
11/29/2019,57.07,N/A,57.07,57.07,57.07
11/27/2019,57.22,N/A,57.22,57.22,57.22
11/26/2019,57.25,N/A,57.25,57.25,57.25
11/25/2019,57.19,N/A,57.19,57.19,57.19
11/22/2019,57.14,N/A,57.14,57.14,57.14
11/21/2019,57.34,N/A,57.34,57.34,57.34
11/20/2019,56.87,N/A,56.87,56.87,56.87
11/19/2019,56.28,N/A,56.28,56.28,56.28
11/18/2019,57,N/A,57,57,57
11/15/2019,57.31,N/A,57.31,57.31,57.31
11/14/2019,56.83,N/A,56.83,56.83,56.83
11/13/2019,57.01,N/A,57.01,57.01,57.01
11/12/2019,56.81,N/A,56.81,56.81,56.81
11/11/2019,56.85,N/A,56.85,56.85,56.85
11/08/2019,57.11,N/A,57.11,57.11,57.11
11/07/2019,57.04,N/A,57.04,57.04,57.04
11/06/2019,56.41,N/A,56.41,56.41,56.41
11/05/2019,57.16,N/A,57.16,57.16,57.16
11/04/2019,56.54,N/A,56.54,56.54,56.54
11/01/2019,56.22,N/A,56.22,56.22,56.22
10/31/2019,54.01,N/A,54.01,54.01,54.01
10/30/2019,54.04,N/A,54.04,54.04,54.04
10/29/2019,54.09,N/A,54.09,54.09,54.09
10/28/2019,54.12,N/A,54.12,54.12,54.12
10/25/2019,54.27,N/A,54.27,54.27,54.27
10/24/2019,54.18,N/A,54.18,54.18,54.18
10/23/2019,54.11,N/A,54.11,54.11,54.11
10/22/2019,53.65,N/A,53.65,53.65,53.65
10/21/2019,53.32,N/A,53.32,53.32,53.32
10/18/2019,53.47,N/A,53.47,53.47,53.47
10/17/2019,53.54,N/A,53.54,53.54,53.54
10/16/2019,53.26,N/A,53.26,53.26,53.26
10/15/2019,52.97,N/A,52.97,52.97,52.97
10/14/2019,53.41,N/A,53.41,53.41,53.41
10/11/2019,54.09,N/A,54.09,54.09,54.09
10/10/2019,53.32,N/A,53.32,53.32,53.32
10/09/2019,52.66,N/A,52.66,52.66,52.66
10/08/2019,52.68,N/A,52.68,52.68,52.68
10/07/2019,52.76,N/A,52.76,52.76,52.76
10/04/2019,52.8,N/A,52.8,52.8,52.8
10/03/2019,52.48,N/A,52.48,52.48,52.48
10/02/2019,52.64,N/A,52.64,52.64,52.64
10/01/2019,53.58,N/A,53.58,53.58,53.58
09/30/2019,56.97,N/A,56.97,56.97,56.97
09/27/2019,57.06,N/A,57.06,57.06,57.06
09/26/2019,57.11,N/A,57.11,57.11,57.11
09/25/2019,57.12,N/A,57.12,57.12,57.12
09/24/2019,57.28,N/A,57.28,57.28,57.28
09/23/2019,57.62,N/A,57.62,57.62,57.62
09/20/2019,57.45,N/A,57.45,57.45,57.45
09/19/2019,57.49,N/A,57.49,57.49,57.49
09/18/2019,57.44,N/A,57.44,57.44,57.44
09/17/2019,57.94,N/A,57.94,57.94,57.94
09/16/2019,59.72,N/A,59.72,59.72,59.72
09/13/2019,55.35,N/A,55.35,55.35,55.35
09/12/2019,55.5,N/A,55.5,55.5,55.5
09/11/2019,55.91,N/A,55.91,55.91,55.91
09/10/2019,57.06,N/A,57.06,57.06,57.06
09/09/2019,57.4,N/A,57.4,57.4,57.4
09/06/2019,56.34,N/A,56.34,56.34,56.34
09/05/2019,56.14,N/A,56.14,56.14,56.14
09/04/2019,56.1,N/A,56.1,56.1,56.1
09/03/2019,53.89,N/A,53.89,53.89,53.89
08/30/2019,54.84,N/A,54.84,54.84,54.84
08/29/2019,54.92,N/A,54.92,54.92,54.92
08/28/2019,54.83,N/A,54.83,54.83,54.83
08/27/2019,54.72,N/A,54.72,54.72,54.72
08/26/2019,54.48,N/A,54.48,54.48,54.48
08/23/2019,54.6,N/A,54.6,54.6,54.6
08/22/2019,54.92,N/A,54.92,54.92,54.92
08/21/2019,55.03,N/A,55.03,55.03,55.03
08/20/2019,55.19,N/A,55.19,55.19,55.19
08/19/2019,55.19,N/A,55.19,55.19,55.19
08/16/2019,54.59,N/A,54.59,54.59,54.59
08/15/2019,54.39,N/A,54.39,54.39,54.39
08/14/2019,54.83,N/A,54.83,54.83,54.83
08/13/2019,55.93,N/A,55.93,55.93,55.93
08/12/2019,54.52,N/A,54.52,54.52,54.52
08/09/2019,54.21,N/A,54.21,54.21,54.21
08/08/2019,52.8,N/A,52.8,52.8,52.8
08/07/2019,51.69,N/A,51.69,51.69,51.69
08/06/2019,53.77,N/A,53.77,53.77,53.77
08/05/2019,54.66,N/A,54.66,54.66,54.66
08/02/2019,55.59,N/A,55.59,55.59,55.59
08/01/2019,53.97,N/A,53.97,53.97,53.97
07/31/2019,57.55,N/A,57.55,57.55,57.55
07/30/2019,57.52,N/A,57.52,57.52,57.52
07/29/2019,57.42,N/A,57.42,57.42,57.42
07/26/2019,57.32,N/A,57.32,57.32,57.32
07/25/2019,57.29,N/A,57.29,57.29,57.29
07/24/2019,57.26,N/A,57.26,57.26,57.26
07/23/2019,57.5,N/A,57.5,57.5,57.5
07/22/2019,57.33,N/A,57.33,57.33,57.33
07/19/2019,57.15,N/A,57.15,57.15,57.15
07/18/2019,57.02,N/A,57.02,57.02,57.02
07/17/2019,57.69,N/A,57.69,57.69,57.69
07/16/2019,58.11,N/A,58.11,58.11,58.11
07/15/2019,59.17,N/A,59.17,59.17,59.17
07/12/2019,59.54,N/A,59.54,59.54,59.54
07/11/2019,59.53,N/A,59.53,59.53,59.53
07/10/2019,59.69,N/A,59.69,59.69,59.69
07/09/2019,57.81,N/A,57.81,57.81,57.81
07/08/2019,57.67,N/A,57.67,57.67,57.67
07/05/2019,57.54,N/A,57.54,57.54,57.54
07/03/2019,57.4,N/A,57.4,57.4,57.4
07/02/2019,56.41,N/A,56.41,56.41,56.41
07/01/2019,59.11,N/A,59.11,59.11,59.11
06/28/2019,54.71,N/A,54.71,54.71,54.71
06/27/2019,54.75,N/A,54.75,54.75,54.75
06/26/2019,54.75,N/A,54.75,54.75,54.75
06/25/2019,54.52,N/A,54.52,54.52,54.52
06/24/2019,54.53,N/A,54.53,54.53,54.53
06/21/2019,54.41,N/A,54.41,54.41,54.41
06/20/2019,54.31,N/A,54.31,54.31,54.31
06/19/2019,53.23,N/A,53.23,53.23,53.23
06/18/2019,53.29,N/A,53.29,53.29,53.29
06/17/2019,52.41,N/A,52.41,52.41,52.41
06/14/2019,52.71,N/A,52.71,52.71,52.71
06/13/2019,52.58,N/A,52.58,52.58,52.58
06/12/2019,51.89,N/A,51.89,51.89,51.89
06/11/2019,53.28,N/A,53.28,53.28,53.28
06/10/2019,53.26,N/A,53.26,53.26,53.26
06/07/2019,53.79,N/A,53.79,53.79,53.79
06/06/2019,52.66,N/A,52.66,52.66,52.66
06/05/2019,51.89,N/A,51.89,51.89,51.89
06/04/2019,53.51,N/A,53.51,53.51,53.51
06/03/2019,53.29,N/A,53.29,53.29,53.29
05/31/2019,60.87,N/A,60.87,60.87,60.87
05/30/2019,61.01,N/A,61.01,61.01,61.01
05/29/2019,61.21,N/A,61.21,61.21,61.21
05/28/2019,61.25,N/A,61.25,61.25,61.25
05/24/2019,61.16,N/A,61.16,61.16,61.16
05/23/2019,61,N/A,61,61,61
05/22/2019,61.95,N/A,61.95,61.95,61.95
05/21/2019,62.5,N/A,62.5,62.5,62.5
05/20/2019,62.53,N/A,62.53,62.53,62.53
05/17/2019,62.41,N/A,62.41,62.41,62.41
05/16/2019,62.46,N/A,62.46,62.46,62.46
05/15/2019,62.05,N/A,62.05,62.05,62.05
05/14/2019,61.91,N/A,61.91,61.91,61.91
05/13/2019,61.47,N/A,61.47,61.47,61.47
05/10/2019,61.85,N/A,61.85,61.85,61.85
05/09/2019,61.87,N/A,61.87,61.87,61.87
05/08/2019,62.17,N/A,62.17,62.17,62.17
05/07/2019,61.62,N/A,61.62,61.62,61.62
05/06/2019,62.32,N/A,62.32,62.32,62.32
05/03/2019,62.04,N/A,62.04,62.04,62.04
05/02/2019,61.92,N/A,61.92,61.92,61.92
05/01/2019,63.63,N/A,63.63,63.63,63.63
04/30/2019,63.87,N/A,63.87,63.87,63.87
04/29/2019,63.85,N/A,63.85,63.85,63.85
04/26/2019,63.83,N/A,63.83,63.83,63.83
04/25/2019,64.11,N/A,64.11,64.11,64.11
04/24/2019,64.23,N/A,64.23,64.23,64.23
04/23/2019,64.33,N/A,64.33,64.33,64.33
04/22/2019,64.12,N/A,64.12,64.12,64.12
04/18/2019,63.61,N/A,63.61,63.61,63.61
04/17/2019,63.53,N/A,63.53,63.53,63.53
04/16/2019,63.67,N/A,63.67,63.67,63.67
04/15/2019,63.36,N/A,63.36,63.36,63.36
04/12/2019,63.61,N/A,63.61,63.61,63.61
04/11/2019,63.42,N/A,63.42,63.42,63.42
04/10/2019,64.05,N/A,64.05,64.05,64.05
04/09/2019,63.61,N/A,63.61,63.61,63.61
04/08/2019,63.89,N/A,63.89,63.89,63.89
04/05/2019,62.93,N/A,62.93,62.93,62.93
04/04/2019,62.14,N/A,62.14,62.14,62.14
04/03/2019,62.44,N/A,62.44,62.44,62.44
04/02/2019,62.54,N/A,62.54,62.54,62.54
04/01/2019,61.62,N/A,61.62,61.62,61.62
03/29/2019,58.17,N/A,58.17,58.17,58.17
03/28/2019,58.13,N/A,58.13,58.13,58.13
03/27/2019,58.14,N/A,58.14,58.14,58.14
03/26/2019,58.21,N/A,58.21,58.21,58.21
03/25/2019,58,N/A,58,58,58
03/22/2019,58.05,N/A,58.05,58.05,58.05
03/21/2019,58.32,N/A,58.32,58.32,58.32
03/20/2019,58.41,N/A,58.41,58.41,58.41
03/19/2019,58.05,N/A,58.05,58.05,58.05
03/18/2019,58.09,N/A,58.09,58.09,58.09
03/15/2019,57.82,N/A,57.82,57.82,57.82
03/14/2019,57.87,N/A,57.87,57.87,57.87
03/13/2019,57.68,N/A,57.68,57.68,57.68
03/12/2019,56.82,N/A,56.82,56.82,56.82
03/11/2019,56.76,N/A,56.76,56.76,56.76
03/08/2019,56.26,N/A,56.26,56.26,56.26
03/07/2019,56.71,N/A,56.71,56.71,56.71
03/06/2019,56.37,N/A,56.37,56.37,56.37
03/05/2019,56.65,N/A,56.65,56.65,56.65
03/04/2019,56.68,N/A,56.68,56.68,56.68
03/01/2019,55.93,N/A,55.93,55.93,55.93
02/28/2019,54.98,N/A,54.98,54.98,54.98
02/27/2019,54.97,N/A,54.97,54.97,54.97
02/26/2019,54.81,N/A,54.81,54.81,54.81
02/25/2019,54.81,N/A,54.81,54.81,54.81
02/22/2019,55.19,N/A,55.19,55.19,55.19
02/21/2019,55.11,N/A,55.11,55.11,55.11
02/20/2019,55.17,N/A,55.17,55.17,55.17
02/19/2019,54.9,N/A,54.9,54.9,54.9
02/15/2019,54.7,N/A,54.7,54.7,54.7
02/14/2019,54.14,N/A,54.14,54.14,54.14
02/13/2019,53.88,N/A,53.88,53.88,53.88
02/12/2019,53.4,N/A,53.4,53.4,53.4
02/11/2019,52.97,N/A,52.97,52.97,52.97
02/08/2019,53.18,N/A,53.18,53.18,53.18
02/07/2019,53.12,N/A,53.12,53.12,53.12
02/06/2019,54.19,N/A,54.19,54.19,54.19
02/05/2019,53.9,N/A,53.9,53.9,53.9
02/04/2019,54.7,N/A,54.7,54.7,54.7
02/01/2019,55.35,N/A,55.35,55.35,55.35
01/31/2019,51.55,N/A,51.55,51.55,51.55
01/30/2019,51.57,N/A,51.57,51.57,51.57
01/29/2019,51.48,N/A,51.48,51.48,51.48
01/28/2019,51.3,N/A,51.3,51.3,51.3
01/25/2019,51.62,N/A,51.62,51.62,51.62
01/24/2019,51.49,N/A,51.49,51.49,51.49
01/23/2019,51.34,N/A,51.34,51.34,51.34
01/22/2019,51.47,N/A,51.47,51.47,51.47
01/18/2019,51.87,N/A,51.87,51.87,51.87
01/17/2019,51.15,N/A,51.15,51.15,51.15
01/16/2019,51.26,N/A,51.26,51.26,51.26
01/15/2019,51.15,N/A,51.15,51.15,51.15
01/14/2019,50.24,N/A,50.24,50.24,50.24
01/11/2019,50.92,N/A,50.92,50.92,50.92
01/10/2019,51.59,N/A,51.59,51.59,51.59
01/09/2019,51.43,N/A,51.43,51.43,51.43
01/08/2019,49.46,N/A,49.46,49.46,49.46
01/07/2019,48.43,N/A,48.43,48.43,48.43
01/04/2019,47.96,N/A,47.96,47.96,47.96
01/03/2019,47.17,N/A,47.17,47.17,47.17
01/02/2019,46.65,N/A,46.65,46.65,46.65
12/31/2018,45.51,N/A,45.51,45.51,45.51
12/28/2018,48.98,N/A,48.98,48.98,48.98
12/27/2018,48.91,N/A,48.91,48.91,48.91
12/26/2018,49.15,N/A,49.15,49.15,49.15
12/24/2018,48.41,N/A,48.41,48.41,48.41
12/21/2018,49.18,N/A,49.18,49.18,49.18
12/20/2018,49.26,N/A,49.26,49.26,49.26
12/19/2018,50.06,N/A,50.06,50.06,50.06
12/18/2018,49.47,N/A,49.47,49.47,49.47
12/17/2018,51.09,N/A,51.09,51.09,51.09
12/14/2018,51.73,N/A,51.73,51.73,51.73
12/13/2018,52.49,N/A,52.49,52.49,52.49
12/12/2018,51.61,N/A,51.61,51.61,51.61
12/11/2018,51.93,N/A,51.93,51.93,51.93
12/10/2018,51.48,N/A,51.48,51.48,51.48
12/07/2018,52.69,N/A,52.69,52.69,52.69
12/06/2018,51.79,N/A,51.79,51.79,51.79
12/05/2018,52.99,N/A,52.99,52.99,52.99
12/04/2018,53.31,N/A,53.31,53.31,53.31
12/03/2018,53.02,N/A,53.02,53.02,53.02
11/30/2018,56.69,N/A,56.69,56.69,56.69
11/29/2018,56.72,N/A,56.72,56.72,56.72
11/28/2018,56.61,N/A,56.61,56.61,56.61
11/27/2018,56.79,N/A,56.79,56.79,56.79
11/26/2018,56.8,N/A,56.8,56.8,56.8
11/23/2018,56.51,N/A,56.51,56.51,56.51
11/21/2018,57.72,N/A,57.72,57.72,57.72
11/20/2018,57.32,N/A,57.32,57.32,57.32
11/19/2018,58.75,N/A,58.75,58.75,58.75
11/16/2018,58.54,N/A,58.54,58.54,58.54
11/15/2018,58.54,N/A,58.54,58.54,58.54
11/14/2018,58.42,N/A,58.42,58.42,58.42
11/13/2018,58.08,N/A,58.08,58.08,58.08
11/12/2018,60.71,N/A,60.71,60.71,60.71
11/09/2018,60.89,N/A,60.89,60.89,60.89
11/08/2018,61.24,N/A,61.24,61.24,61.24
11/07/2018,61.99,N/A,61.99,61.99,61.99
11/06/2018,62.42,N/A,62.42,62.42,62.42
11/05/2018,63.17,N/A,63.17,63.17,63.17
11/02/2018,63.22,N/A,63.22,63.22,63.22
11/01/2018,63.74,N/A,63.74,63.74,63.74
10/31/2018,70.76,N/A,70.76,70.76,70.76
10/30/2018,70.8,N/A,70.8,70.8,70.8
10/29/2018,70.87,N/A,70.87,70.87,70.87
10/26/2018,70.94,N/A,70.94,70.94,70.94
10/25/2018,70.9,N/A,70.9,70.9,70.9
10/24/2018,70.79,N/A,70.79,70.79,70.79
10/23/2018,70.68,N/A,70.68,70.68,70.68
10/22/2018,71.58,N/A,71.58,71.58,71.58
10/19/2018,71.55,N/A,71.55,71.55,71.55
10/18/2018,71.34,N/A,71.34,71.34,71.34
10/17/2018,71.78,N/A,71.78,71.78,71.78
10/16/2018,72.78,N/A,72.78,72.78,72.78
10/15/2018,72.71,N/A,72.71,72.71,72.71
10/12/2018,72.46,N/A,72.46,72.46,72.46
10/11/2018,72.24,N/A,72.24,72.24,72.24
10/10/2018,73.68,N/A,73.68,73.68,73.68
10/09/2018,74.92,N/A,74.92,74.92,74.92
10/08/2018,74.43,N/A,74.43,74.43,74.43
10/05/2018,74.49,N/A,74.49,74.49,74.49
10/04/2018,74.48,N/A,74.48,74.48,74.48
10/03/2018,76.26,N/A,76.26,76.26,76.26
10/02/2018,75.18,N/A,75.18,75.18,75.18
10/01/2018,75.25,N/A,75.25,75.25,75.25
09/28/2018,70.08,N/A,70.08,70.08,70.08
09/27/2018,70.03,N/A,70.03,70.03,70.03
09/26/2018,69.97,N/A,69.97,69.97,69.97
09/25/2018,70.08,N/A,70.08,70.08,70.08
09/24/2018,70.04,N/A,70.04,70.04,70.04
09/21/2018,69.7,N/A,69.7,69.7,69.7
09/20/2018,69.55,N/A,69.55,69.55,69.55
09/19/2018,69.71,N/A,69.71,69.71,69.71
09/18/2018,69.2,N/A,69.2,69.2,69.2
09/17/2018,68.77,N/A,68.77,68.77,68.77
09/14/2018,68.81,N/A,68.81,68.81,68.81
09/13/2018,68.59,N/A,68.59,68.59,68.59
09/12/2018,69.71,N/A,69.71,69.71,69.71
09/11/2018,68.94,N/A,68.94,68.94,68.94
09/10/2018,67.71,N/A,67.71,67.71,67.71
09/07/2018,67.85,N/A,67.85,67.85,67.85
09/06/2018,67.85,N/A,67.85,67.85,67.85
09/05/2018,68.69,N/A,68.69,68.69,68.69
09/04/2018,69.77,N/A,69.77,69.77,69.77
08/31/2018,67.85,N/A,67.85,67.85,67.85
08/30/2018,67.86,N/A,67.86,67.86,67.86
08/29/2018,67.8,N/A,67.8,67.8,67.8
08/28/2018,67.67,N/A,67.67,67.67,67.67
08/27/2018,67.73,N/A,67.73,67.73,67.73
08/24/2018,67.7,N/A,67.7,67.7,67.7
08/23/2018,67.47,N/A,67.47,67.47,67.47
08/22/2018,67.48,N/A,67.48,67.48,67.48
08/21/2018,66.77,N/A,66.77,66.77,66.77
08/20/2018,66.59,N/A,66.59,66.59,66.59
08/17/2018,66.47,N/A,66.47,66.47,66.47
08/16/2018,66.3,N/A,66.3,66.3,66.3
08/15/2018,66.07,N/A,66.07,66.07,66.07
08/14/2018,67.16,N/A,67.16,67.16,67.16
08/13/2018,67.29,N/A,67.29,67.29,67.29
08/10/2018,67.55,N/A,67.55,67.55,67.55
08/09/2018,66.98,N/A,66.98,66.98,66.98
08/08/2018,67.07,N/A,67.07,67.07,67.07
08/07/2018,68.77,N/A,68.77,68.77,68.77
08/06/2018,68.55,N/A,68.55,68.55,68.55
08/03/2018,68.08,N/A,68.08,68.08,68.08
08/02/2018,68.45,N/A,68.45,68.45,68.45
08/01/2018,67.26,N/A,67.26,67.26,67.26
07/31/2018,70.58,N/A,70.58,70.58,70.58
07/30/2018,70.65,N/A,70.65,70.65,70.65
07/27/2018,70.51,N/A,70.51,70.51,70.51
07/26/2018,70.64,N/A,70.64,70.64,70.64
07/25/2018,70.58,N/A,70.58,70.58,70.58
07/24/2018,70.4,N/A,70.4,70.4,70.4
07/23/2018,70.22,N/A,70.22,70.22,70.22
07/20/2018,70.34,N/A,70.34,70.34,70.34
07/19/2018,70.29,N/A,70.29,70.29,70.29
07/18/2018,70.06,N/A,70.06,70.06,70.06
07/17/2018,69.76,N/A,69.76,69.76,69.76
07/16/2018,69.73,N/A,69.73,69.73,69.73
07/13/2018,71.39,N/A,71.39,71.39,71.39
07/12/2018,71,N/A,71,71,71
07/11/2018,70.85,N/A,70.85,70.85,70.85
07/10/2018,73.5,N/A,73.5,73.5,73.5
07/09/2018,73.2,N/A,73.2,73.2,73.2
07/06/2018,73.04,N/A,73.04,73.04,73.04
07/05/2018,72.27,N/A,72.27,72.27,72.27
07/03/2018,73.28,N/A,73.28,73.28,73.28
07/02/2018,73.17,N/A,73.17,73.17,73.17
06/29/2018,67.32,N/A,67.32,67.32,67.32
06/28/2018,67.29,N/A,67.29,67.29,67.29
06/27/2018,67.22,N/A,67.22,67.22,67.22
06/26/2018,66.91,N/A,66.91,66.91,66.91
06/25/2018,66.44,N/A,66.44,66.44,66.44
06/22/2018,66.56,N/A,66.56,66.56,66.56
06/21/2018,65.69,N/A,65.69,65.69,65.69
06/20/2018,65.75,N/A,65.75,65.75,65.75
06/19/2018,65.42,N/A,65.42,65.42,65.42
06/18/2018,65.76,N/A,65.76,65.76,65.76
06/15/2018,65.37,N/A,65.37,65.37,65.37
06/14/2018,66.33,N/A,66.33,66.33,66.33
06/13/2018,66.21,N/A,66.21,66.21,66.21
06/12/2018,66.05,N/A,66.05,66.05,66.05
06/11/2018,65.88,N/A,65.88,65.88,65.88
06/08/2018,65.62,N/A,65.62,65.62,65.62
06/07/2018,65.79,N/A,65.79,65.79,65.79
06/06/2018,64.81,N/A,64.81,64.81,64.81
06/05/2018,65.48,N/A,65.48,65.48,65.48
06/04/2018,64.78,N/A,64.78,64.78,64.78
06/01/2018,65.8,N/A,65.8,65.8,65.8
05/31/2018,69.98,N/A,69.98,69.98,69.98
05/30/2018,70.04,N/A,70.04,70.04,70.04
05/29/2018,69.9,N/A,69.9,69.9,69.9
05/25/2018,70.06,N/A,70.06,70.06,70.06
05/24/2018,70.57,N/A,70.57,70.57,70.57
05/23/2018,70.83,N/A,70.83,70.83,70.83
05/22/2018,70.93,N/A,70.93,70.93,70.93
05/21/2018,70.97,N/A,70.97,70.97,70.97
05/18/2018,70.62,N/A,70.62,70.62,70.62
05/17/2018,70.7,N/A,70.7,70.7,70.7
05/16/2018,70.7,N/A,70.7,70.7,70.7
05/15/2018,70.61,N/A,70.61,70.61,70.61
05/14/2018,70.41,N/A,70.41,70.41,70.41
05/11/2018,70.24,N/A,70.24,70.24,70.24
05/10/2018,70.65,N/A,70.65,70.65,70.65
05/09/2018,70.49,N/A,70.49,70.49,70.49
05/08/2018,68.98,N/A,68.98,68.98,68.98
05/07/2018,70.26,N/A,70.26,70.26,70.26
05/04/2018,69.43,N/A,69.43,69.43,69.43
05/03/2018,68.31,N/A,68.31,68.31,68.31
05/02/2018,67.86,N/A,67.86,67.86,67.86
05/01/2018,67.22,N/A,67.22,67.22,67.22
04/30/2018,66.33,N/A,66.33,66.33,66.33
04/27/2018,66.3,N/A,66.3,66.3,66.3
04/26/2018,66.31,N/A,66.31,66.31,66.31
04/25/2018,66.29,N/A,66.29,66.29,66.29
04/24/2018,66.22,N/A,66.22,66.22,66.22
04/23/2018,66.45,N/A,66.45,66.45,66.45
04/20/2018,66.38,N/A,66.38,66.38,66.38
04/19/2018,66.36,N/A,66.36,66.36,66.36
04/18/2018,66.41,N/A,66.41,66.41,66.41
04/17/2018,65.57,N/A,65.57,65.57,65.57
04/16/2018,65.43,N/A,65.43,65.43,65.43
04/13/2018,66.03,N/A,66.03,66.03,66.03
04/12/2018,65.83,N/A,65.83,65.83,65.83
04/11/2018,65.69,N/A,65.69,65.69,65.69
04/10/2018,64.82,N/A,64.82,64.82,64.82
04/09/2018,63.35,N/A,63.35,63.35,63.35
04/06/2018,62.32,N/A,62.32,62.32,62.32
04/05/2018,63.51,N/A,63.51,63.51,63.51
04/04/2018,63.35,N/A,63.35,63.35,63.35
04/03/2018,63.47,N/A,63.47,63.47,63.47
04/02/2018,63,N/A,63,63,63
03/29/2018,3.126,N/A,3.126,3.126,3.126
03/28/2018,62.75,N/A,62.75,62.75,62.75
03/27/2018,62.83,N/A,62.83,62.83,62.83
03/26/2018,62.87,N/A,62.87,62.87,62.87
03/23/2018,62.93,N/A,62.93,62.93,62.93
03/22/2018,62.56,N/A,62.56,62.56,62.56
03/21/2018,62.81,N/A,62.81,62.81,62.81
03/20/2018,62.26,N/A,62.26,62.26,62.26
03/19/2018,61.73,N/A,61.73,61.73,61.73
03/16/2018,61.85,N/A,61.85,61.85,61.85
03/15/2018,61.3,N/A,61.3,61.3,61.3
03/14/2018,61.18,N/A,61.18,61.18,61.18
03/13/2018,61.03,N/A,61.03,61.03,61.03
03/12/2018,61.41,N/A,61.41,61.41,61.41
03/09/2018,61.83,N/A,61.83,61.83,61.83
03/08/2018,60.48,N/A,60.48,60.48,60.48
03/07/2018,61.24,N/A,61.24,61.24,61.24
03/06/2018,62.41,N/A,62.41,62.41,62.41
03/05/2018,62.37,N/A,62.37,62.37,62.37
03/02/2018,61.18,N/A,61.18,61.18,61.18
03/01/2018,60.93,N/A,60.93,60.93,60.93
02/28/2018,62.18,N/A,62.18,62.18,62.18
02/27/2018,62.26,N/A,62.26,62.26,62.26
02/26/2018,62.35,N/A,62.35,62.35,62.35
02/23/2018,62.29,N/A,62.29,62.29,62.29
02/22/2018,62.13,N/A,62.13,62.13,62.13
02/21/2018,61.84,N/A,61.84,61.84,61.84
02/20/2018,61.88,N/A,61.88,61.88,61.88
02/16/2018,61.79,N/A,61.79,61.79,61.79
02/15/2018,61.63,N/A,61.63,61.63,61.63
02/14/2018,61.31,N/A,61.31,61.31,61.31
02/13/2018,60.54,N/A,60.54,60.54,60.54
02/12/2018,60.59,N/A,60.59,60.59,60.59
02/09/2018,60.53,N/A,60.53,60.53,60.53
02/08/2018,61.86,N/A,61.86,61.86,61.86
02/07/2018,62.33,N/A,62.33,62.33,62.33
02/06/2018,63.58,N/A,63.58,63.58,63.58
02/05/2018,64.2,N/A,64.2,64.2,64.2
02/02/2018,65.35,N/A,65.35,65.35,65.35
02/01/2018,65.72,N/A,65.72,65.72,65.72
01/31/2018,63.66,N/A,63.66,63.66,63.66
01/30/2018,63.65,N/A,63.65,63.65,63.65
01/29/2018,63.75,N/A,63.75,63.75,63.75
01/26/2018,63.83,N/A,63.83,63.83,63.83
01/25/2018,63.71,N/A,63.71,63.71,63.71
01/24/2018,63.74,N/A,63.74,63.74,63.74
01/23/2018,63.41,N/A,63.41,63.41,63.41
01/22/2018,63.11,N/A,63.11,63.11,63.11
01/19/2018,63.02,N/A,63.02,63.02,63.02
01/18/2018,63.27,N/A,63.27,63.27,63.27
01/17/2018,63.28,N/A,63.28,63.28,63.28
01/16/2018,63.15,N/A,63.15,63.15,63.15
01/12/2018,63.47,N/A,63.47,63.47,63.47
01/11/2018,63.15,N/A,63.15,63.15,63.15
01/10/2018,62.98,N/A,62.98,62.98,62.98
01/09/2018,62.57,N/A,62.57,62.57,62.57
01/08/2018,61.66,N/A,61.66,61.66,61.66
01/05/2018,61.42,N/A,61.42,61.42,61.42
01/04/2018,61.88,N/A,61.88,61.88,61.88
01/03/2018,61.54,N/A,61.54,61.54,61.54
01/02/2018,60.37,N/A,60.37,60.37,60.37
12/29/2017,57.95,N/A,57.95,57.95,57.95
12/28/2017,57.92,N/A,57.92,57.92,57.92
12/27/2017,57.9,N/A,57.9,57.9,57.9
12/26/2017,57.95,N/A,57.95,57.95,57.95
12/22/2017,57.65,N/A,57.65,57.65,57.65
12/21/2017,57.62,N/A,57.62,57.62,57.62
12/20/2017,57.54,N/A,57.54,57.54,57.54
12/19/2017,57.35,N/A,57.35,57.35,57.35
12/18/2017,57.22,N/A,57.22,57.22,57.22
12/15/2017,57.27,N/A,57.27,57.27,57.27
12/14/2017,57.15,N/A,57.15,57.15,57.15
12/13/2017,56.89,N/A,56.89,56.89,56.89
12/12/2017,57.22,N/A,57.22,57.22,57.22
12/11/2017,57.79,N/A,57.79,57.79,57.79
12/08/2017,57.35,N/A,57.35,57.35,57.35
12/07/2017,56.84,N/A,56.84,56.84,56.84
12/06/2017,56.26,N/A,56.26,56.26,56.26
12/05/2017,57.67,N/A,57.67,57.67,57.67
12/04/2017,57.52,N/A,57.52,57.52,57.52
12/01/2017,58.37,N/A,58.37,58.37,58.37
11/30/2017,56.66,N/A,56.66,56.66,56.66
11/29/2017,56.66,N/A,56.66,56.66,56.66
11/28/2017,56.72,N/A,56.72,56.72,56.72
11/27/2017,56.74,N/A,56.74,56.74,56.74
11/24/2017,56.9,N/A,56.9,56.9,56.9
11/22/2017,56.68,N/A,56.68,56.68,56.68
11/21/2017,56.34,N/A,56.34,56.34,56.34
11/20/2017,56.2,N/A,56.2,56.2,56.2
11/17/2017,56.32,N/A,56.32,56.32,56.32
11/16/2017,55.73,N/A,55.73,55.73,55.73
11/15/2017,55.82,N/A,55.82,55.82,55.82
11/14/2017,56.01,N/A,56.01,56.01,56.01
11/13/2017,56.62,N/A,56.62,56.62,56.62
11/10/2017,56.62,N/A,56.62,56.62,56.62
11/09/2017,56.9,N/A,56.9,56.9,56.9
11/08/2017,56.65,N/A,56.65,56.65,56.65
11/07/2017,56.94,N/A,56.94,56.94,56.94
11/06/2017,57.06,N/A,57.06,57.06,57.06
11/03/2017,55.6,N/A,55.6,55.6,55.6
11/02/2017,54.61,N/A,54.61,54.61,54.61
11/01/2017,54.37,N/A,54.37,54.37,54.37
10/31/2017,51.59,N/A,51.59,51.59,51.59
10/30/2017,51.58,N/A,51.58,51.58,51.58
10/27/2017,51.56,N/A,51.56,51.56,51.56
10/26/2017,51.39,N/A,51.39,51.39,51.39
10/25/2017,51.31,N/A,51.31,51.31,51.31
10/24/2017,51.37,N/A,51.37,51.37,51.37
10/23/2017,51.22,N/A,51.22,51.22,51.22
10/20/2017,51.2,N/A,51.2,51.2,51.2
10/19/2017,51.08,N/A,51.08,51.08,51.08
10/18/2017,51.39,N/A,51.39,51.39,51.39
10/17/2017,51.32,N/A,51.32,51.32,51.32
10/16/2017,51.33,N/A,51.33,51.33,51.33
10/13/2017,51.1,N/A,51.1,51.1,51.1
10/12/2017,50.62,N/A,50.62,50.62,50.62
10/11/2017,51.05,N/A,51.05,51.05,51.05
10/10/2017,50.8,N/A,50.8,50.8,50.8
10/09/2017,49.84,N/A,49.84,49.84,49.84
10/06/2017,49.61,N/A,49.61,49.61,49.61
10/05/2017,50.84,N/A,50.84,50.84,50.84
10/04/2017,50.14,N/A,50.14,50.14,50.14
10/03/2017,50.53,N/A,50.53,50.53,50.53
10/02/2017,50.68,N/A,50.68,50.68,50.68
09/29/2017,49.88,N/A,49.88,49.88,49.88
09/28/2017,49.87,N/A,49.87,49.87,49.87
09/27/2017,49.93,N/A,49.93,49.93,49.93
09/26/2017,49.89,N/A,49.89,49.89,49.89
09/25/2017,49.96,N/A,49.96,49.96,49.96
09/22/2017,49.57,N/A,49.57,49.57,49.57
09/21/2017,49.54,N/A,49.54,49.54,49.54
09/20/2017,49.58,N/A,49.58,49.58,49.58
09/19/2017,49.26,N/A,49.26,49.26,49.26
09/18/2017,49.46,N/A,49.46,49.46,49.46
09/15/2017,49.49,N/A,49.49,49.49,49.49
09/14/2017,49.46,N/A,49.46,49.46,49.46
09/13/2017,49.1,N/A,49.1,49.1,49.1
09/12/2017,48.43,N/A,48.43,48.43,48.43
09/11/2017,48.33,N/A,48.33,48.33,48.33
09/08/2017,47.9,N/A,47.9,47.9,47.9
09/07/2017,49.14,N/A,49.14,49.14,49.14
09/06/2017,49.2,N/A,49.2,49.2,49.2
09/05/2017,48.76,N/A,48.76,48.76,48.76
09/01/2017,47.54,N/A,47.54,47.54,47.54
08/31/2017,48.06,N/A,48.06,48.06,48.06
08/30/2017,48,N/A,48,48,48
08/29/2017,48.04,N/A,48.04,48.04,48.04
08/28/2017,48.06,N/A,48.06,48.06,48.06
08/25/2017,48.29,N/A,48.29,48.29,48.29
08/24/2017,48.19,N/A,48.19,48.19,48.19
08/23/2017,48.45,N/A,48.45,48.45,48.45
08/22/2017,48.27,N/A,48.27,48.27,48.27
08/21/2017,48.17,N/A,48.17,48.17,48.17
08/18/2017,48.61,N/A,48.61,48.61,48.61
08/17/2017,47.99,N/A,47.99,47.99,47.99
08/16/2017,47.85,N/A,47.85,47.85,47.85
08/15/2017,48.25,N/A,48.25,48.25,48.25
08/14/2017,48.27,N/A,48.27,48.27,48.27
08/11/2017,49.02,N/A,49.02,49.02,49.02
08/10/2017,48.87,N/A,48.87,48.87,48.87
08/09/2017,49.55,N/A,49.55,49.55,49.55
08/08/2017,49.26,N/A,49.26,49.26,49.26
08/07/2017,49.44,N/A,49.44,49.44,49.44
08/04/2017,49.58,N/A,49.58,49.58,49.58
08/03/2017,49.11,N/A,49.11,49.11,49.11
08/02/2017,49.61,N/A,49.61,49.61,49.61
08/01/2017,49.2,N/A,49.2,49.2,49.2
07/31/2017,46.68,N/A,46.68,46.68,46.68
07/28/2017,46.65,N/A,46.65,46.65,46.65
07/27/2017,46.59,N/A,46.59,46.59,46.59
07/26/2017,46.54,N/A,46.54,46.54,46.54
07/25/2017,46.37,N/A,46.37,46.37,46.37
07/24/2017,45.98,N/A,45.98,45.98,45.98
07/21/2017,45.81,N/A,45.81,45.81,45.81
07/20/2017,46.21,N/A,46.21,46.21,46.21
07/19/2017,46.37,N/A,46.37,46.37,46.37
07/18/2017,46.04,N/A,46.04,46.04,46.04
07/17/2017,45.86,N/A,45.86,45.86,45.86
07/14/2017,46.15,N/A,46.15,46.15,46.15
07/13/2017,45.86,N/A,45.86,45.86,45.86
07/12/2017,45.47,N/A,45.47,45.47,45.47
07/11/2017,45.16,N/A,45.16,45.16,45.16
07/10/2017,44.69,N/A,44.69,44.69,44.69
07/07/2017,44.54,N/A,44.54,44.54,44.54
07/06/2017,45.64,N/A,45.64,45.64,45.64
07/05/2017,45.3,N/A,45.3,45.3,45.3
07/03/2017,47.15,N/A,47.15,47.15,47.15
06/30/2017,46.13,N/A,46.13,46.13,46.13
06/29/2017,45.15,N/A,45.15,45.15,45.15
06/28/2017,45.13,N/A,45.13,45.13,45.13
06/27/2017,45.06,N/A,45.06,45.06,45.06
06/26/2017,44.9,N/A,44.9,44.9,44.9
06/23/2017,44.82,N/A,44.82,44.82,44.82
06/22/2017,44.75,N/A,44.75,44.75,44.75
06/21/2017,44.68,N/A,44.68,44.68,44.68
06/20/2017,45.04,N/A,45.04,45.04,45.04
06/19/2017,45.41,N/A,45.41,45.41,45.41
06/16/2017,45.66,N/A,45.66,45.66,45.66
06/15/2017,45.52,N/A,45.52,45.52,45.52
06/14/2017,45.66,N/A,45.66,45.66,45.66
06/13/2017,46.68,N/A,46.68,46.68,46.68
06/12/2017,46.45,N/A,46.45,46.45,46.45
06/09/2017,46.28,N/A,46.28,46.28,46.28
06/08/2017,46.15,N/A,46.15,46.15,46.15
06/07/2017,46.21,N/A,46.21,46.21,46.21
06/06/2017,48.19,N/A,48.19,48.19,48.19
06/05/2017,47.52,N/A,47.52,47.52,47.52
06/02/2017,47.77,N/A,47.77,47.77,47.77
06/01/2017,48.45,N/A,48.45,48.45,48.45
05/31/2017,48.54,N/A,48.54,48.54,48.54
05/30/2017,48.6,N/A,48.6,48.6,48.6
05/26/2017,48.61,N/A,48.61,48.61,48.61
05/25/2017,48.49,N/A,48.49,48.49,48.49
05/24/2017,48.94,N/A,48.94,48.94,48.94
05/23/2017,48.96,N/A,48.96,48.96,48.96
05/22/2017,48.87,N/A,48.87,48.87,48.87
05/19/2017,48.73,N/A,48.73,48.73,48.73
05/18/2017,48.36,N/A,48.36,48.36,48.36
05/17/2017,48.26,N/A,48.26,48.26,48.26
05/16/2017,48.07,N/A,48.07,48.07,48.07
05/15/2017,48.16,N/A,48.16,48.16,48.16
05/12/2017,47.61,N/A,47.61,47.61,47.61
05/11/2017,47.62,N/A,47.62,47.62,47.62
05/10/2017,47.3,N/A,47.3,47.3,47.3
05/09/2017,46.31,N/A,46.31,46.31,46.31
05/08/2017,46.72,N/A,46.72,46.72,46.72
05/05/2017,46.55,N/A,46.55,46.55,46.55
05/04/2017,45.98,N/A,45.98,45.98,45.98
05/03/2017,47.96,N/A,47.96,47.96,47.96
05/02/2017,47.8,N/A,47.8,47.8,47.8
05/01/2017,48.93,N/A,48.93,48.93,48.93
04/28/2017,49.41,N/A,49.41,49.41,49.41
04/27/2017,51.1,N/A,51.1,51.1,51.1
04/26/2017,51.17,N/A,51.17,51.17,51.17
04/25/2017,51.16,N/A,51.16,51.16,51.16
04/24/2017,51.09,N/A,51.09,51.09,51.09
04/21/2017,51.19,N/A,51.19,51.19,51.19
04/20/2017,51.53,N/A,51.53,51.53,51.53
04/19/2017,51.59,N/A,51.59,51.59,51.59
04/18/2017,52.43,N/A,52.43,52.43,52.43
04/17/2017,52.55,N/A,52.55,52.55,52.55
04/13/2017,52.81,N/A,52.81,52.81,52.81
04/12/2017,52.77,N/A,52.77,52.77,52.77
04/11/2017,52.95,N/A,52.95,52.95,52.95
04/10/2017,52.73,N/A,52.73,52.73,52.73
04/07/2017,52.11,N/A,52.11,52.11,52.11
04/06/2017,51.69,N/A,51.69,51.69,51.69
04/05/2017,51.24,N/A,51.24,51.24,51.24
04/04/2017,51.14,N/A,51.14,51.14,51.14
04/03/2017,50.39,N/A,50.39,50.39,50.39
03/31/2017,50.75,N/A,50.75,50.75,50.75
03/30/2017,49.66,N/A,49.66,49.66,49.66
03/29/2017,49.59,N/A,49.59,49.59,49.59
03/28/2017,49.44,N/A,49.44,49.44,49.44
03/27/2017,49.33,N/A,49.33,49.33,49.33
03/24/2017,49.38,N/A,49.38,49.38,49.38
03/23/2017,49.31,N/A,49.31,49.31,49.31
03/22/2017,49.42,N/A,49.42,49.42,49.42
03/21/2017,49.48,N/A,49.48,49.48,49.48
03/20/2017,49.76,N/A,49.76,49.76,49.76
03/17/2017,49.94,N/A,49.94,49.94,49.94
03/16/2017,49.92,N/A,49.92,49.92,49.92
03/15/2017,49.98,N/A,49.98,49.98,49.98
03/14/2017,49.38,N/A,49.38,49.38,49.38
03/13/2017,49.76,N/A,49.76,49.76,49.76
03/10/2017,49.82,N/A,49.82,49.82,49.82
03/09/2017,50.37,N/A,50.37,50.37,50.37
03/08/2017,51.11,N/A,51.11,51.11,51.11
03/07/2017,53.33,N/A,53.33,53.33,53.33
03/06/2017,53.38,N/A,53.38,53.38,53.38
03/03/2017,53.48,N/A,53.48,53.48,53.48
03/02/2017,52.82,N/A,52.82,52.82,52.82
03/01/2017,53.99,N/A,53.99,53.99,53.99
02/28/2017,53.46,N/A,53.46,53.46,53.46
02/27/2017,53.46,N/A,53.46,53.46,53.46
02/24/2017,53.46,N/A,53.46,53.46,53.46
02/23/2017,53.53,N/A,53.53,53.53,53.53
02/22/2017,53.35,N/A,53.35,53.35,53.35
02/21/2017,53.54,N/A,53.54,53.54,53.54
02/17/2017,53.36,N/A,53.36,53.36,53.36
02/16/2017,53.35,N/A,53.35,53.35,53.35
02/15/2017,53.27,N/A,53.27,53.27,53.27
02/14/2017,53.32,N/A,53.32,53.32,53.32
02/13/2017,53.18,N/A,53.18,53.18,53.18
02/10/2017,53.71,N/A,53.71,53.71,53.71
02/09/2017,53.16,N/A,53.16,53.16,53.16
02/08/2017,52.74,N/A,52.74,52.74,52.74
02/07/2017,52.62,N/A,52.62,52.62,52.62
02/06/2017,53.29,N/A,53.29,53.29,53.29
02/03/2017,53.99,N/A,53.99,53.99,53.99
02/02/2017,53.72,N/A,53.72,53.72,53.72
02/01/2017,54.04,N/A,54.04,54.04,54.04
01/31/2017,52.61,N/A,52.61,52.61,52.61
01/30/2017,52.6,N/A,52.6,52.6,52.6
01/27/2017,52.65,N/A,52.65,52.65,52.65
01/26/2017,52.75,N/A,52.75,52.75,52.75
01/25/2017,52.54,N/A,52.54,52.54,52.54
01/24/2017,52.65,N/A,52.65,52.65,52.65
01/23/2017,52.52,N/A,52.52,52.52,52.52
01/20/2017,52.68,N/A,52.68,52.68,52.68
01/19/2017,52.24,N/A,52.24,52.24,52.24
01/18/2017,52.14,N/A,52.14,52.14,52.14
01/17/2017,52.82,N/A,52.82,52.82,52.82
01/13/2017,52.76,N/A,52.76,52.76,52.76
01/12/2017,53.17,N/A,53.17,53.17,53.17
01/11/2017,52.66,N/A,52.66,52.66,52.66
01/10/2017,51.69,N/A,51.69,51.69,51.69
01/09/2017,52.55,N/A,52.55,52.55,52.55
01/06/2017,54.17,N/A,54.17,54.17,54.17
01/05/2017,53.99,N/A,53.99,53.99,53.99
01/04/2017,53.55,N/A,53.55,53.55,53.55
01/03/2017,52.67,N/A,52.67,52.67,52.67
12/30/2016,54.05,N/A,54.05,54.05,54.05
12/29/2016,52.17,N/A,52.17,52.17,52.17
12/28/2016,52.2,N/A,52.2,52.2,52.2
12/27/2016,52.17,N/A,52.17,52.17,52.17
12/23/2016,52.01,N/A,52.01,52.01,52.01
12/22/2016,51.99,N/A,51.99,51.99,51.99
12/21/2016,51.86,N/A,51.86,51.86,51.86
12/20/2016,52.13,N/A,52.13,52.13,52.13
12/19/2016,52.04,N/A,52.04,52.04,52.04
12/16/2016,51.98,N/A,51.98,51.98,51.98
12/15/2016,51.51,N/A,51.51,51.51,51.51
12/14/2016,51.58,N/A,51.58,51.58,51.58
12/13/2016,52.66,N/A,52.66,52.66,52.66
12/12/2016,52.55,N/A,52.55,52.55,52.55
12/09/2016,51.67,N/A,51.67,51.67,51.67
12/08/2016,51.24,N/A,51.24,51.24,51.24
12/07/2016,50.46,N/A,50.46,50.46,50.46
12/06/2016,51.36,N/A,51.36,51.36,51.36
12/05/2016,52.1,N/A,52.1,52.1,52.1
12/02/2016,51.97,N/A,51.97,51.97,51.97
12/01/2016,51.36,N/A,51.36,51.36,51.36
11/30/2016,45.76,N/A,45.76,45.76,45.76
11/29/2016,45.56,N/A,45.56,45.56,45.56
11/28/2016,45.74,N/A,45.74,45.74,45.74
11/25/2016,45.59,N/A,45.59,45.59,45.59
11/23/2016,45.96,N/A,45.96,45.96,45.96
11/22/2016,45.97,N/A,45.97,45.97,45.97
11/21/2016,46.03,N/A,46.03,46.03,46.03
11/18/2016,45.41,N/A,45.41,45.41,45.41
11/17/2016,45.28,N/A,45.28,45.28,45.28
11/16/2016,45.33,N/A,45.33,45.33,45.33
11/15/2016,45.46,N/A,45.46,45.46,45.46
11/14/2016,44.17,N/A,44.17,44.17,44.17
11/11/2016,44.25,N/A,44.25,44.25,44.25
11/10/2016,45.02,N/A,45.02,45.02,45.02
11/09/2016,45.41,N/A,45.41,45.41,45.41
11/08/2016,45.19,N/A,45.19,45.19,45.19
11/07/2016,45.11,N/A,45.11,45.11,45.11
11/04/2016,44.45,N/A,44.45,44.45,44.45
11/03/2016,44.96,N/A,44.96,44.96,44.96
11/02/2016,45.57,N/A,45.57,45.57,45.57
11/01/2016,46.83,N/A,46.83,46.83,46.83
10/31/2016,49.94,N/A,49.94,49.94,49.94
10/28/2016,50.03,N/A,50.03,50.03,50.03
10/27/2016,50.12,N/A,50.12,50.12,50.12
10/26/2016,50.05,N/A,50.05,50.05,50.05
10/25/2016,50.2,N/A,50.2,50.2,50.2
10/24/2016,50.33,N/A,50.33,50.33,50.33
10/21/2016,50.42,N/A,50.42,50.42,50.42
10/20/2016,50.35,N/A,50.35,50.35,50.35
10/19/2016,50.8,N/A,50.8,50.8,50.8
10/18/2016,50.28,N/A,50.28,50.28,50.28
10/17/2016,50.14,N/A,50.14,50.14,50.14
10/14/2016,50.35,N/A,50.35,50.35,50.35
10/13/2016,50.4,N/A,50.4,50.4,50.4
10/12/2016,50.26,N/A,50.26,50.26,50.26
10/11/2016,50.66,N/A,50.66,50.66,50.66
10/10/2016,51.09,N/A,51.09,51.09,51.09
10/07/2016,49.93,N/A,49.93,49.93,49.93
10/06/2016,50.43,N/A,50.43,50.43,50.43
10/05/2016,49.91,N/A,49.91,49.91,49.91
10/04/2016,48.9,N/A,48.9,48.9,48.9
10/03/2016,49.01,N/A,49.01,49.01,49.01
09/30/2016,48.43,N/A,48.43,48.43,48.43
09/29/2016,45.21,N/A,45.21,45.21,45.21
09/28/2016,45.13,N/A,45.13,45.13,45.13
09/27/2016,44.79,N/A,44.79,44.79,44.79
09/26/2016,45.03,N/A,45.03,45.03,45.03
09/23/2016,44.69,N/A,44.69,44.69,44.69
09/22/2016,45.21,N/A,45.21,45.21,45.21
09/21/2016,44.89,N/A,44.89,44.89,44.89
09/20/2016,44.39,N/A,44.39,44.39,44.39
09/19/2016,44.32,N/A,44.32,44.32,44.32
09/16/2016,44.2,N/A,44.2,44.2,44.2
09/15/2016,44.67,N/A,44.67,44.67,44.67
09/14/2016,44.46,N/A,44.46,44.46,44.46
09/13/2016,45.28,N/A,45.28,45.28,45.28
09/12/2016,46.2,N/A,46.2,46.2,46.2
09/09/2016,45.92,N/A,45.92,45.92,45.92
09/08/2016,47.27,N/A,47.27,47.27,47.27
09/07/2016,45.55,N/A,45.55,45.55,45.55
09/06/2016,45.55,N/A,45.55,45.55,45.55
09/02/2016,44.97,N/A,44.97,44.97,44.97
09/01/2016,44.61,N/A,44.61,44.61,44.61
08/31/2016,43.38,N/A,43.38,43.38,43.38
08/30/2016,44.93,N/A,44.93,44.93,44.93
08/29/2016,44.87,N/A,44.87,44.87,44.87
08/26/2016,44.93,N/A,44.93,44.93,44.93
08/25/2016,45.01,N/A,45.01,45.01,45.01
08/24/2016,44.96,N/A,44.96,44.96,44.96
08/23/2016,44.84,N/A,44.84,44.84,44.84
08/22/2016,45.18,N/A,45.18,45.18,45.18
08/19/2016,44.97,N/A,44.97,44.97,44.97
08/18/2016,45.55,N/A,45.55,45.55,45.55
08/17/2016,45.46,N/A,45.46,45.46,45.46
08/16/2016,44.86,N/A,44.86,44.86,44.86
08/15/2016,44.73,N/A,44.73,44.73,44.73
08/12/2016,44.3,N/A,44.3,44.3,44.3
08/11/2016,43.6,N/A,43.6,43.6,43.6
08/10/2016,43.01,N/A,43.01,43.01,43.01
08/09/2016,41.85,N/A,41.85,41.85,41.85
08/08/2016,42.58,N/A,42.58,42.58,42.58
08/05/2016,42.77,N/A,42.77,42.77,42.77
08/04/2016,41.82,N/A,41.82,41.82,41.82
08/03/2016,41.93,N/A,41.93,41.93,41.93
08/02/2016,40.97,N/A,40.97,40.97,40.97
08/01/2016,39.77,N/A,39.77,39.77,39.77
07/29/2016,40.3,N/A,40.3,40.3,40.3
07/28/2016,44.8,N/A,44.8,44.8,44.8
07/27/2016,44.78,N/A,44.78,44.78,44.78
07/26/2016,44.85,N/A,44.85,44.85,44.85
07/25/2016,45,N/A,45,45,45
07/22/2016,45.05,N/A,45.05,45.05,45.05
07/21/2016,45.31,N/A,45.31,45.31,45.31
07/20/2016,45.48,N/A,45.48,45.48,45.48
07/19/2016,45.83,N/A,45.83,45.83,45.83
07/18/2016,45.71,N/A,45.71,45.71,45.71
07/15/2016,45.94,N/A,45.94,45.94,45.94
07/14/2016,46.3,N/A,46.3,46.3,46.3
07/13/2016,45.59,N/A,45.59,45.59,45.59
07/12/2016,46.95,N/A,46.95,46.95,46.95
07/11/2016,45.51,N/A,45.51,45.51,45.51
07/08/2016,45.98,N/A,45.98,45.98,45.98
07/07/2016,45.77,N/A,45.77,45.77,45.77
07/06/2016,47.72,N/A,47.72,47.72,47.72
07/05/2016,46.96,N/A,46.96,46.96,46.96
07/01/2016,49.22,N/A,49.22,49.22,49.22
06/30/2016,48.57,N/A,48.57,48.57,48.57
06/29/2016,48.92,N/A,48.92,48.92,48.92
06/28/2016,48.74,N/A,48.74,48.74,48.74
06/27/2016,48.53,N/A,48.53,48.53,48.53
06/24/2016,48.77,N/A,48.77,48.77,48.77
06/23/2016,49.33,N/A,49.33,49.33,49.33
06/22/2016,49.06,N/A,49.06,49.06,49.06
06/21/2016,49.29,N/A,49.29,49.29,49.29
06/20/2016,49.35,N/A,49.35,49.35,49.35
06/17/2016,48.78,N/A,48.78,48.78,48.78
06/16/2016,47.96,N/A,47.96,47.96,47.96
06/15/2016,48.85,N/A,48.85,48.85,48.85
06/14/2016,49.13,N/A,49.13,49.13,49.13
06/13/2016,49.39,N/A,49.39,49.39,49.39
06/10/2016,49.51,N/A,49.51,49.51,49.51
06/09/2016,50.53,N/A,50.53,50.53,50.53
06/08/2016,51,N/A,51,51,51
06/07/2016,50.31,N/A,50.31,50.31,50.31
06/06/2016,49.74,N/A,49.74,49.74,49.74
06/03/2016,48.82,N/A,48.82,48.82,48.82
06/02/2016,49.32,N/A,49.32,49.32,49.32
06/01/2016,49.16,N/A,49.16,49.16,49.16
05/31/2016,49.24,N/A,49.24,49.24,49.24
05/27/2016,46.81,N/A,46.81,46.81,46.81
05/26/2016,46.82,N/A,46.82,46.82,46.82
05/25/2016,46.83,N/A,46.83,46.83,46.83
05/24/2016,46.65,N/A,46.65,46.65,46.65
05/23/2016,46.53,N/A,46.53,46.53,46.53
05/20/2016,46.62,N/A,46.62,46.62,46.62
05/19/2016,46.71,N/A,46.71,46.71,46.71
05/18/2016,46.75,N/A,46.75,46.75,46.75
05/17/2016,46.83,N/A,46.83,46.83,46.83
05/16/2016,46.55,N/A,46.55,46.55,46.55
05/13/2016,45.76,N/A,45.76,45.76,45.76
05/12/2016,46.05,N/A,46.05,46.05,46.05
05/11/2016,45.77,N/A,45.77,45.77,45.77
05/10/2016,44.7,N/A,44.7,44.7,44.7
05/09/2016,43.8,N/A,43.8,43.8,43.8
05/06/2016,44.75,N/A,44.75,44.75,44.75
05/05/2016,44.45,N/A,44.45,44.45,44.45
05/04/2016,44,N/A,44,44,44
05/03/2016,43.92,N/A,43.92,43.92,43.92
05/02/2016,44.98,N/A,44.98,44.98,44.98
04/29/2016,41.12,N/A,41.12,41.12,41.12
04/28/2016,41.13,N/A,41.13,41.13,41.13
04/27/2016,41.06,N/A,41.06,41.06,41.06
04/26/2016,40.88,N/A,40.88,40.88,40.88
04/25/2016,40.61,N/A,40.61,40.61,40.61
04/22/2016,40.87,N/A,40.87,40.87,40.87
04/21/2016,40.71,N/A,40.71,40.71,40.71
04/20/2016,41.05,N/A,41.05,41.05,41.05
04/19/2016,40.4,N/A,40.4,40.4,40.4
04/18/2016,39.85,N/A,39.85,39.85,39.85
04/15/2016,40.11,N/A,40.11,40.11,40.11
04/14/2016,40.65,N/A,40.65,40.65,40.65
04/13/2016,40.82,N/A,40.82,40.82,40.82
04/12/2016,41.1,N/A,41.1,41.1,41.1
04/11/2016,39.92,N/A,39.92,39.92,39.92
04/08/2016,39.42,N/A,39.42,39.42,39.42
04/07/2016,37.53,N/A,37.53,37.53,37.53
04/06/2016,37.93,N/A,37.93,37.93,37.93
04/05/2016,36.33,N/A,36.33,36.33,36.33
04/04/2016,36.2,N/A,36.2,36.2,36.2
04/01/2016,37.26,N/A,37.26,37.26,37.26
03/31/2016,38.81,N/A,38.81,38.81,38.81
03/30/2016,37.96,N/A,37.96,37.96,37.96
03/29/2016,37.96,N/A,37.96,37.96,37.96
03/28/2016,38.11,N/A,38.11,38.11,38.11
03/24/2016,38.12,N/A,38.12,38.12,38.12
03/23/2016,38.2,N/A,38.2,38.2,38.2
03/22/2016,38.65,N/A,38.65,38.65,38.65
03/21/2016,38.67,N/A,38.67,38.67,38.67
03/18/2016,38.53,N/A,38.53,38.53,38.53
03/17/2016,38.76,N/A,38.76,38.76,38.76
03/16/2016,38.19,N/A,38.19,38.19,38.19
03/15/2016,37,N/A,37,37,37
03/14/2016,37.43,N/A,37.43,37.43,37.43
03/11/2016,38.19,N/A,38.19,38.19,38.19
03/10/2016,37.76,N/A,37.76,37.76,37.76
03/09/2016,38.14,N/A,38.14,38.14,38.14
03/08/2016,36.88,N/A,36.88,36.88,36.88
03/07/2016,37.96,N/A,37.96,37.96,37.96
03/04/2016,36.31,N/A,36.31,36.31,36.31
03/03/2016,35.13,N/A,35.13,35.13,35.13
03/02/2016,35.17,N/A,35.17,35.17,35.17
03/01/2016,34.96,N/A,34.96,34.96,34.96
02/29/2016,30.62,N/A,30.62,30.62,30.62
02/26/2016,30.57,N/A,30.57,30.57,30.57
02/25/2016,30.6,N/A,30.6,30.6,30.6
02/24/2016,30.46,N/A,30.46,30.46,30.46
02/23/2016,30.4,N/A,30.4,30.4,30.4
02/22/2016,30.78,N/A,30.78,30.78,30.78
02/19/2016,30.28,N/A,30.28,30.28,30.28
02/18/2016,30.69,N/A,30.69,30.69,30.69
02/17/2016,30.69,N/A,30.69,30.69,30.69
02/16/2016,29.86,N/A,29.86,29.86,29.86
02/12/2016,30.19,N/A,30.19,30.19,30.19
02/11/2016,28.45,N/A,28.45,28.45,28.45
02/10/2016,29.1,N/A,29.1,29.1,29.1
02/09/2016,29.31,N/A,29.31,29.31,29.31
02/08/2016,30.57,N/A,30.57,30.57,30.57
02/05/2016,31.44,N/A,31.44,31.44,31.44
02/04/2016,32.07,N/A,32.07,32.07,32.07
02/03/2016,32.52,N/A,32.52,32.52,32.52
02/02/2016,30.4,N/A,30.4,30.4,30.4
02/01/2016,32.06,N/A,32.06,32.06,32.06
01/29/2016,31.78,N/A,31.78,31.78,31.78
01/28/2016,31.75,N/A,31.75,31.75,31.75
01/27/2016,31.66,N/A,31.66,31.66,31.66
01/26/2016,31.52,N/A,31.52,31.52,31.52
01/25/2016,31.29,N/A,31.29,31.29,31.29
01/22/2016,31.78,N/A,31.78,31.78,31.78
01/21/2016,30.94,N/A,30.94,30.94,30.94
01/20/2016,30.5,N/A,30.5,30.5,30.5
01/19/2016,31.05,N/A,31.05,31.05,31.05
01/15/2016,31.46,N/A,31.46,31.46,31.46
01/14/2016,32.37,N/A,32.37,32.37,32.37
01/13/2016,31.95,N/A,31.95,31.95,31.95
01/12/2016,31.99,N/A,31.99,31.99,31.99
01/11/2016,32.67,N/A,32.67,32.67,32.67
01/08/2016,33.97,N/A,33.97,33.97,33.97
01/07/2016,34.08,N/A,34.08,34.08,34.08
01/06/2016,34.68,N/A,34.68,34.68,34.68
01/05/2016,36.46,N/A,36.46,36.46,36.46
01/04/2016,37.2,N/A,37.2,37.2,37.2
12/31/2015,37.33,N/A,37.33,37.33,37.33
12/30/2015,37.31,N/A,37.31,37.31,37.31
12/29/2015,37.42,N/A,37.42,37.42,37.42
12/28/2015,37.28,N/A,37.28,37.28,37.28
12/25/2015,37.51,N/A,37.51,37.51,37.51
12/24/2015,37.51,N/A,37.51,37.51,37.51
12/23/2015,37.38,N/A,37.38,37.38,37.38
12/22/2015,37.01,N/A,37.01,37.01,37.01
12/21/2015,36.9,N/A,36.9,36.9,36.9
12/18/2015,36.98,N/A,36.98,36.98,36.98
12/17/2015,37.07,N/A,37.07,37.07,37.07
12/16/2015,37.3,N/A,37.3,37.3,37.3
12/15/2015,38.19,N/A,38.19,38.19,38.19
12/14/2015,37.66,N/A,37.66,37.66,37.66
12/11/2015,37.36,N/A,37.36,37.36,37.36
12/10/2015,38.1,N/A,38.1,38.1,38.1
12/09/2015,38.34,N/A,38.34,38.34,38.34
12/08/2015,38.58,N/A,38.58,38.58,38.58
12/07/2015,38.73,N/A,38.73,38.73,38.73
12/04/2015,40.56,N/A,40.56,40.56,40.56
12/03/2015,41.52,N/A,41.52,41.52,41.52
12/02/2015,40.49,N/A,40.49,40.49,40.49
12/01/2015,42.26,N/A,42.26,42.26,42.26
11/30/2015,42.92,N/A,42.92,42.92,42.92
11/27/2015,42.93,N/A,42.93,42.93,42.93
11/26/2015,43.06,N/A,43.06,43.06,43.06
11/25/2015,43.06,N/A,43.06,43.06,43.06
11/24/2015,43.03,N/A,43.03,43.03,43.03
11/23/2015,42.81,N/A,42.81,42.81,42.81
11/20/2015,42.85,N/A,42.85,42.85,42.85
11/19/2015,42.81,N/A,42.81,42.81,42.81
11/18/2015,42.89,N/A,42.89,42.89,42.89
11/17/2015,42.82,N/A,42.82,42.82,42.82
11/16/2015,43.3,N/A,43.3,43.3,43.3
11/13/2015,42.85,N/A,42.85,42.85,42.85
11/12/2015,43.41,N/A,43.41,43.41,43.41
11/11/2015,44.12,N/A,44.12,44.12,44.12
11/10/2015,44.94,N/A,44.94,44.94,44.94
11/09/2015,44.71,N/A,44.71,44.71,44.71
11/06/2015,45.01,N/A,45.01,45.01,45.01
11/05/2015,45.7,N/A,45.7,45.7,45.7
11/04/2015,46.61,N/A,46.61,46.61,46.61
11/03/2015,48.04,N/A,48.04,48.04,48.04
11/02/2015,46.37,N/A,46.37,46.37,46.37
10/30/2015,46.29,N/A,46.29,46.29,46.29
10/29/2015,46.27,N/A,46.27,46.27,46.27
10/28/2015,46.25,N/A,46.25,46.25,46.25
10/27/2015,45.88,N/A,45.88,45.88,45.88
10/26/2015,46.02,N/A,46.02,46.02,46.02
10/23/2015,46.16,N/A,46.16,46.16,46.16
10/22/2015,46.38,N/A,46.38,46.38,46.38
10/21/2015,46.32,N/A,46.32,46.32,46.32
10/20/2015,46.72,N/A,46.72,46.72,46.72
10/19/2015,46.73,N/A,46.73,46.73,46.73
10/16/2015,47.38,N/A,47.38,47.38,47.38
10/15/2015,46.95,N/A,46.95,46.95,46.95
10/14/2015,47.1,N/A,47.1,47.1,47.1
10/13/2015,47.1,N/A,47.1,47.1,47.1
10/12/2015,47.39,N/A,47.39,47.39,47.39
10/09/2015,49.11,N/A,49.11,49.11,49.11
10/08/2015,48.99,N/A,48.99,48.99,48.99
10/07/2015,47.74,N/A,47.74,47.74,47.74
10/06/2015,48.3,N/A,48.3,48.3,48.3
10/05/2015,46.34,N/A,46.34,46.34,46.34
10/02/2015,45.67,N/A,45.67,45.67,45.67
10/01/2015,44.91,N/A,44.91,44.91,44.91
09/30/2015,45.47,N/A,45.47,45.47,45.47
09/29/2015,45.47,N/A,45.47,45.47,45.47
09/28/2015,45.4,N/A,45.4,45.4,45.4
09/25/2015,45.58,N/A,45.58,45.58,45.58
09/24/2015,45.43,N/A,45.43,45.43,45.43
09/23/2015,45.32,N/A,45.32,45.32,45.32
09/22/2015,45.86,N/A,45.86,45.86,45.86
09/21/2015,46.07,N/A,46.07,46.07,46.07
09/18/2015,45.33,N/A,45.33,45.33,45.33
09/17/2015,46.27,N/A,46.27,46.27,46.27
09/16/2015,46.4,N/A,46.4,46.4,46.4
09/15/2015,45.08,N/A,45.08,45.08,45.08
09/14/2015,44.75,N/A,44.75,44.75,44.75
09/11/2015,45.17,N/A,45.17,45.17,45.17
09/10/2015,46.02,N/A,46.02,46.02,46.02
09/09/2015,44.8,N/A,44.8,44.8,44.8
09/08/2015,46.16,N/A,46.16,46.16,46.16
09/07/2015,46.23,N/A,46.23,46.23,46.23
09/04/2015,46.23,N/A,46.23,46.23,46.23
09/03/2015,46.83,N/A,46.83,46.83,46.83
09/02/2015,46.38,N/A,46.38,46.38,46.38
09/01/2015,45.58,N/A,45.58,45.58,45.58
08/31/2015,42.89,N/A,42.89,42.89,42.89
08/28/2015,42.7,N/A,42.7,42.7,42.7
08/27/2015,42.45,N/A,42.45,42.45,42.45
08/26/2015,41.88,N/A,41.88,41.88,41.88
08/25/2015,42.02,N/A,42.02,42.02,42.02
08/24/2015,41.76,N/A,41.76,41.76,41.76
08/21/2015,42.39,N/A,42.39,42.39,42.39
08/20/2015,42.68,N/A,42.68,42.68,42.68
08/19/2015,42.65,N/A,42.65,42.65,42.65
08/18/2015,43.44,N/A,43.44,43.44,43.44
08/17/2015,43.1,N/A,43.1,43.1,43.1
08/14/2015,43.45,N/A,43.45,43.45,43.45
08/13/2015,43.34,N/A,43.34,43.34,43.34
08/12/2015,43.99,N/A,43.99,43.99,43.99
08/11/2015,43.87,N/A,43.87,43.87,43.87
08/10/2015,45.18,N/A,45.18,45.18,45.18
08/07/2015,44.28,N/A,44.28,44.28,44.28
08/06/2015,44.9,N/A,44.9,44.9,44.9
08/05/2015,45.31,N/A,45.31,45.31,45.31
08/04/2015,45.84,N/A,45.84,45.84,45.84
08/03/2015,45.3,N/A,45.3,45.3,45.3
07/31/2015,50.93,N/A,50.93,50.93,50.93
07/30/2015,50.99,N/A,50.99,50.99,50.99
07/29/2015,51.02,N/A,51.02,51.02,51.02
07/28/2015,50.91,N/A,50.91,50.91,50.91
07/27/2015,50.8,N/A,50.8,50.8,50.8
07/24/2015,50.97,N/A,50.97,50.97,50.97
07/23/2015,51.06,N/A,51.06,51.06,51.06
07/22/2015,51.29,N/A,51.29,51.29,51.29
07/21/2015,51.9,N/A,51.9,51.9,51.9
07/20/2015,51.74,N/A,51.74,51.74,51.74
07/17/2015,52.08,N/A,52.08,52.08,52.08
07/16/2015,52.1,N/A,52.1,52.1,52.1
07/15/2015,52.39,N/A,52.39,52.39,52.39
07/14/2015,53.37,N/A,53.37,53.37,53.37
07/13/2015,52.86,N/A,52.86,52.86,52.86
07/10/2015,53.22,N/A,53.22,53.22,53.22
07/09/2015,53.24,N/A,53.24,53.24,53.24
07/08/2015,52.36,N/A,52.36,52.36,52.36
07/07/2015,52.9,N/A,52.9,52.9,52.9
07/06/2015,53.04,N/A,53.04,53.04,53.04
07/03/2015,57.4,N/A,57.4,57.4,57.4
07/02/2015,57.4,N/A,57.4,57.4,57.4
07/01/2015,57.11,N/A,57.11,57.11,57.11
06/30/2015,59.6,N/A,59.6,59.6,59.6
06/29/2015,58.46,N/A,58.46,58.46,58.46
06/26/2015,59.75,N/A,59.75,59.75,59.75
06/25/2015,59.9,N/A,59.9,59.9,59.9
06/24/2015,60.01,N/A,60.01,60.01,60.01
06/23/2015,60.18,N/A,60.18,60.18,60.18
06/22/2015,60,N/A,60,60,60
06/19/2015,59.89,N/A,59.89,59.89,59.89
06/18/2015,60.2,N/A,60.2,60.2,60.2
06/17/2015,59.99,N/A,59.99,59.99,59.99
06/16/2015,60.03,N/A,60.03,60.03,60.03
06/15/2015,59.81,N/A,59.81,59.81,59.81
06/12/2015,60.04,N/A,60.04,60.04,60.04
06/11/2015,60.52,N/A,60.52,60.52,60.52
06/10/2015,60.92,N/A,60.92,60.92,60.92
06/09/2015,60.07,N/A,60.07,60.07,60.07
06/08/2015,58.61,N/A,58.61,58.61,58.61
06/05/2015,59.36,N/A,59.36,59.36,59.36
06/04/2015,58.42,N/A,58.42,58.42,58.42
06/03/2015,59.82,N/A,59.82,59.82,59.82
06/02/2015,61.28,N/A,61.28,61.28,61.28
06/01/2015,60.28,N/A,60.28,60.28,60.28
05/29/2015,60.38,N/A,60.38,60.38,60.38
05/28/2015,57.77,N/A,57.77,57.77,57.77
05/27/2015,57.61,N/A,57.61,57.61,57.61
05/26/2015,58.15,N/A,58.15,58.15,58.15
05/25/2015,59.84,N/A,59.84,59.84,59.84
05/22/2015,59.84,N/A,59.84,59.84,59.84
05/21/2015,60.84,N/A,60.84,60.84,60.84
05/20/2015,59.11,N/A,59.11,59.11,59.11
05/19/2015,58.12,N/A,58.12,58.12,58.12
05/18/2015,60.35,N/A,60.35,60.35,60.35
05/15/2015,60.67,N/A,60.67,60.67,60.67
05/14/2015,60.98,N/A,60.98,60.98,60.98
05/13/2015,61.63,N/A,61.63,61.63,61.63
05/12/2015,61.88,N/A,61.88,61.88,61.88
05/11/2015,60.44,N/A,60.44,60.44,60.44
05/08/2015,60.48,N/A,60.48,60.48,60.48
05/07/2015,60.05,N/A,60.05,60.05,60.05
05/06/2015,62.15,N/A,62.15,62.15,62.15
05/05/2015,61.67,N/A,61.67,61.67,61.67
05/04/2015,60.35,N/A,60.35,60.35,60.35
05/01/2015,60.55,N/A,60.55,60.55,60.55
04/30/2015,60.87,N/A,60.87,60.87,60.87
04/29/2015,60.04,N/A,60.04,60.04,60.04
04/28/2015,58.75,N/A,58.75,58.75,58.75
04/27/2015,58.87,N/A,58.87,58.87,58.87
04/24/2015,59.16,N/A,59.16,59.16,59.16
04/23/2015,58.27,N/A,58.27,58.27,58.27
04/22/2015,56.65,N/A,56.65,56.65,56.65
04/21/2015,57.05,N/A,57.05,57.05,57.05
04/20/2015,58.29,N/A,58.29,58.29,58.29
04/17/2015,57.72,N/A,57.72,57.72,57.72
04/16/2015,58.5,N/A,58.5,58.5,58.5
04/15/2015,58.05,N/A,58.05,58.05,58.05
04/14/2015,55.28,N/A,55.28,55.28,55.28
04/13/2015,54.18,N/A,54.18,54.18,54.18
04/10/2015,53.96,N/A,53.96,53.96,53.96
04/09/2015,52.9,N/A,52.9,52.9,52.9
04/08/2015,52.24,N/A,52.24,52.24,52.24
04/07/2015,55.53,N/A,55.53,55.53,55.53
04/06/2015,53.97,N/A,53.97,53.97,53.97
04/03/2015,51.02,N/A,51.02,51.02,51.02
04/02/2015,51.02,N/A,51.02,51.02,51.02
04/01/2015,52.21,N/A,52.21,52.21,52.21
03/31/2015,47.85,N/A,47.85,47.85,47.85
03/30/2015,47.9,N/A,47.9,47.9,47.9
03/27/2015,47.92,N/A,47.92,47.92,47.92
03/26/2015,48.27,N/A,48.27,48.27,48.27
03/25/2015,47.87,N/A,47.87,47.87,47.87
03/24/2015,47.48,N/A,47.48,47.48,47.48
03/23/2015,47.46,N/A,47.46,47.46,47.46
03/20/2015,47.18,N/A,47.18,47.18,47.18
03/19/2015,46.77,N/A,46.77,46.77,46.77
03/18/2015,47.19,N/A,47.19,47.19,47.19
03/17/2015,46.56,N/A,46.56,46.56,46.56
03/16/2015,46.94,N/A,46.94,46.94,46.94
03/13/2015,47.45,N/A,47.45,47.45,47.45
03/12/2015,48.72,N/A,48.72,48.72,48.72
03/11/2015,49.35,N/A,49.35,49.35,49.35
03/10/2015,49.41,N/A,49.41,49.41,49.41
03/09/2015,50.62,N/A,50.62,50.62,50.62
03/06/2015,50.38,N/A,50.38,50.38,50.38
03/05/2015,51.3,N/A,51.3,51.3,51.3
03/04/2015,51.94,N/A,51.94,51.94,51.94
03/03/2015,51.11,N/A,51.11,51.11,51.11
03/02/2015,50.2,N/A,50.2,50.2,50.2
02/27/2015,50.72,N/A,50.72,50.72,50.72
02/26/2015,50.64,N/A,50.64,50.64,50.64
02/25/2015,50.94,N/A,50.94,50.94,50.94
02/24/2015,50.67,N/A,50.67,50.67,50.67
02/23/2015,50.7,N/A,50.7,50.7,50.7
02/20/2015,51.06,N/A,51.06,51.06,51.06
02/19/2015,51.37,N/A,51.37,51.37,51.37
02/18/2015,51.74,N/A,51.74,51.74,51.74
02/17/2015,52.34,N/A,52.34,52.34,52.34
02/16/2015,52.02,N/A,52.02,52.02,52.02
02/13/2015,52.02,N/A,52.02,52.02,52.02
02/12/2015,51.21,N/A,51.21,51.21,51.21
02/11/2015,49.84,N/A,49.84,49.84,49.84
02/10/2015,50.57,N/A,50.57,50.57,50.57
02/09/2015,52.49,N/A,52.49,52.49,52.49
02/06/2015,51.63,N/A,51.63,51.63,51.63
02/05/2015,50.68,N/A,50.68,50.68,50.68
02/04/2015,48.97,N/A,48.97,48.97,48.97
02/03/2015,53.08,N/A,53.08,53.08,53.08
02/02/2015,49.8,N/A,49.8,49.8,49.8
01/30/2015,49.33,N/A,49.33,49.33,49.33
01/29/2015,45.66,N/A,45.66,45.66,45.66
01/28/2015,45.59,N/A,45.59,45.59,45.59
01/27/2015,47.27,N/A,47.27,47.27,47.27
01/26/2015,45.34,N/A,45.34,45.34,45.34
01/23/2015,45.78,N/A,45.78,45.78,45.78
01/22/2015,46.49,N/A,46.49,46.49,46.49
01/21/2015,47.95,N/A,47.95,47.95,47.95
01/20/2015,46.65,N/A,46.65,46.65,46.65
01/19/2015,49.32,N/A,49.32,49.32,49.32
01/16/2015,49.32,N/A,49.32,49.32,49.32
01/15/2015,46.92,N/A,46.92,46.92,46.92
01/14/2015,49.13,N/A,49.13,49.13,49.13
01/13/2015,46.7,N/A,46.7,46.7,46.7
01/12/2015,46.96,N/A,46.96,46.96,46.96
01/09/2015,49.18,N/A,49.18,49.18,49.18
01/08/2015,49.46,N/A,49.46,49.46,49.46
01/07/2015,49.25,N/A,49.25,49.25,49.25
01/06/2015,48.64,N/A,48.64,48.64,48.64
01/05/2015,50.69,N/A,50.69,50.69,50.69
01/02/2015,53.26,N/A,53.26,53.26,53.26
01/01/2015,59.29,N/A,59.29,59.29,59.29
12/31/2014,59.29,N/A,59.29,59.29,59.29
12/30/2014,59.33,N/A,59.33,59.33,59.33
12/29/2014,59.28,N/A,59.28,59.28,59.28
12/26/2014,59.43,N/A,59.43,59.43,59.43
12/25/2014,59.64,N/A,59.64,59.64,59.64
12/24/2014,59.64,N/A,59.64,59.64,59.64
12/23/2014,59.93,N/A,59.93,59.93,59.93
12/22/2014,59.42,N/A,59.42,59.42,59.42
12/19/2014,60.02,N/A,60.02,60.02,60.02
12/18/2014,59.02,N/A,59.02,59.02,59.02
12/17/2014,60.01,N/A,60.01,60.01,60.01
12/16/2014,59.77,N/A,59.77,59.77,59.77
12/15/2014,59.77,N/A,59.77,59.77,59.77
12/12/2014,60.78,N/A,60.78,60.78,60.78
12/11/2014,62.03,N/A,62.03,62.03,62.03
12/10/2014,62.66,N/A,62.66,62.66,62.66
12/09/2014,64.6,N/A,64.6,64.6,64.6
12/08/2014,64.04,N/A,64.04,64.04,64.04
12/05/2014,66.18,N/A,66.18,66.18,66.18
12/04/2014,66.97,N/A,66.97,66.97,66.97
12/03/2014,67.46,N/A,67.46,67.46,67.46
12/02/2014,67.01,N/A,67.01,67.01,67.01
12/01/2014,69.03,N/A,69.03,69.03,69.03
11/28/2014,66.19,N/A,66.19,66.19,66.19
11/27/2014,73.71,N/A,73.71,73.71,73.71
11/26/2014,73.71,N/A,73.71,73.71,73.71
11/25/2014,74.12,N/A,74.12,74.12,74.12
11/24/2014,75.81,N/A,75.81,75.81,75.81
11/21/2014,76.67,N/A,76.67,76.67,76.67
11/20/2014,76.5,N/A,76.5,76.5,76.5
11/19/2014,76.09,N/A,76.09,76.09,76.09
11/18/2014,76.13,N/A,76.13,76.13,76.13
11/17/2014,76.56,N/A,76.56,76.56,76.56
11/14/2014,76.64,N/A,76.64,76.64,76.64
11/13/2014,75.78,N/A,75.78,75.78,75.78
11/12/2014,77.5,N/A,77.5,77.5,77.5
11/11/2014,77.97,N/A,77.97,77.97,77.97
11/10/2014,77.62,N/A,77.62,77.62,77.62
11/07/2014,78.53,N/A,78.53,78.53,78.53
11/06/2014,77.95,N/A,77.95,77.95,77.95
11/05/2014,78.59,N/A,78.59,78.59,78.59
11/04/2014,77.27,N/A,77.27,77.27,77.27
11/03/2014,78.8,N/A,78.8,78.8,78.8
10/31/2014,84.34,N/A,84.34,84.34,84.34
10/30/2014,84.36,N/A,84.36,84.36,84.36
10/29/2014,84.46,N/A,84.46,84.46,84.46
10/28/2014,84.36,N/A,84.36,84.36,84.36
10/27/2014,84.28,N/A,84.28,84.28,84.28
10/24/2014,84.29,N/A,84.29,84.29,84.29
10/23/2014,84.57,N/A,84.57,84.57,84.57
10/22/2014,84.09,N/A,84.09,84.09,84.09
10/21/2014,84.77,N/A,84.77,84.77,84.77
10/20/2014,84.57,N/A,84.57,84.57,84.57
10/17/2014,84.62,N/A,84.62,84.62,84.62
10/16/2014,84.58,N/A,84.58,84.58,84.58
10/15/2014,84.07,N/A,84.07,84.07,84.07
10/14/2014,84.17,N/A,84.17,84.17,84.17
10/13/2014,86.5,N/A,86.5,86.5,86.5
10/10/2014,86.57,N/A,86.57,86.57,86.57
10/09/2014,86.54,N/A,86.54,86.54,86.54
10/08/2014,87.67,N/A,87.67,87.67,87.67
10/07/2014,88.83,N/A,88.83,88.83,88.83
10/06/2014,90.01,N/A,90.01,90.01,90.01
10/03/2014,89.47,N/A,89.47,89.47,89.47
10/02/2014,90.6,N/A,90.6,90.6,90.6
10/01/2014,90.39,N/A,90.39,90.39,90.39
09/30/2014,90.85,N/A,90.85,90.85,90.85
09/29/2014,94.19,N/A,94.19,94.19,94.19
09/26/2014,93.22,N/A,93.22,93.22,93.22
09/25/2014,92.27,N/A,92.27,92.27,92.27
09/24/2014,92.55,N/A,92.55,92.55,92.55
09/23/2014,91.33,N/A,91.33,91.33,91.33
09/22/2014,90.69,N/A,90.69,90.69,90.69
09/19/2014,91.47,N/A,91.47,91.47,91.47
09/18/2014,91.77,N/A,91.77,91.77,91.77
09/17/2014,92.96,N/A,92.96,92.96,92.96
09/16/2014,93.56,N/A,93.56,93.56,93.56
09/15/2014,91.77,N/A,91.77,91.77,91.77
09/12/2014,91.16,N/A,91.16,91.16,91.16
09/11/2014,91.69,N/A,91.69,91.69,91.69
09/10/2014,90.69,N/A,90.69,90.69,90.69
09/09/2014,91.74,N/A,91.74,91.74,91.74
09/08/2014,91.94,N/A,91.94,91.94,91.94
09/05/2014,92.6,N/A,92.6,92.6,92.6
09/04/2014,93.55,N/A,93.55,93.55,93.55
09/03/2014,94.5,N/A,94.5,94.5,94.5
09/02/2014,91.97,N/A,91.97,91.97,91.97
09/01/2014,94.79,N/A,94.79,94.79,94.79
08/29/2014,94.79,N/A,94.79,94.79,94.79
08/28/2014,93.67,N/A,93.67,93.67,93.67
08/27/2014,93.24,N/A,93.24,93.24,93.24
08/26/2014,93.28,N/A,93.28,93.28,93.28
08/25/2014,92.81,N/A,92.81,92.81,92.81
08/22/2014,93.08,N/A,93.08,93.08,93.08
08/21/2014,93.26,N/A,93.26,93.26,93.26
08/20/2014,92.77,N/A,92.77,92.77,92.77
08/19/2014,92.71,N/A,92.71,92.71,92.71
08/18/2014,93.57,N/A,93.57,93.57,93.57
08/15/2014,95.15,N/A,95.15,95.15,95.15
08/14/2014,93.94,N/A,93.94,93.94,93.94
08/13/2014,96.61,N/A,96.61,96.61,96.61
08/12/2014,96.35,N/A,96.35,96.35,96.35
08/11/2014,97.07,N/A,97.07,97.07,97.07
08/08/2014,96.72,N/A,96.72,96.72,96.72
08/07/2014,96.58,N/A,96.58,96.58,96.58
08/06/2014,96.13,N/A,96.13,96.13,96.13
08/05/2014,96.45,N/A,96.45,96.45,96.45
08/04/2014,97.19,N/A,97.19,97.19,97.19
08/01/2014,96.76,N/A,96.76,96.76,96.76
07/31/2014,102.39,N/A,102.39,102.39,102.39
07/30/2014,102.49,N/A,102.49,102.49,102.49
07/29/2014,102.55,N/A,102.55,102.55,102.55
07/28/2014,102.65,N/A,102.65,102.65,102.65
07/25/2014,102.72,N/A,102.72,102.72,102.72
07/24/2014,102.72,N/A,102.72,102.72,102.72
07/23/2014,103,N/A,103,103,103
07/22/2014,102.77,N/A,102.77,102.77,102.77
07/21/2014,102.93,N/A,102.93,102.93,102.93
07/18/2014,101.61,N/A,101.61,101.61,101.61
07/17/2014,101.88,N/A,101.88,101.88,101.88
07/16/2014,100.37,N/A,100.37,100.37,100.37
07/15/2014,101.1,N/A,101.1,101.1,101.1
07/14/2014,101.66,N/A,101.66,101.66,101.66
07/11/2014,101.58,N/A,101.58,101.58,101.58
07/10/2014,103.01,N/A,103.01,103.01,103.01
07/09/2014,102.54,N/A,102.54,102.54,102.54
07/08/2014,103.38,N/A,103.38,103.38,103.38
07/07/2014,103.52,N/A,103.52,103.52,103.52
07/04/2014,103.96,N/A,103.96,103.96,103.96
07/03/2014,103.96,N/A,103.96,103.96,103.96
07/02/2014,104.34,N/A,104.34,104.34,104.34
07/01/2014,105.15,N/A,105.15,105.15,105.15
06/30/2014,105.15,N/A,105.15,105.15,105.15
06/27/2014,105.16,N/A,105.16,105.16,105.16
06/26/2014,105.17,N/A,105.17,105.17,105.17
06/25/2014,105.27,N/A,105.27,105.27,105.27
06/24/2014,105.18,N/A,105.18,105.18,105.18
06/23/2014,105.21,N/A,105.21,105.21,105.21
06/20/2014,105.4,N/A,105.4,105.4,105.4
06/19/2014,105.14,N/A,105.14,105.14,105.14
06/18/2014,105.35,N/A,105.35,105.35,105.35
06/17/2014,105.6,N/A,105.6,105.6,105.6
06/16/2014,105.99,N/A,105.99,105.99,105.99
06/13/2014,105.29,N/A,105.29,105.29,105.29
06/12/2014,105.07,N/A,105.07,105.07,105.07
06/11/2014,103.74,N/A,103.74,103.74,103.74
06/10/2014,103.69,N/A,103.69,103.69,103.69
06/09/2014,103.74,N/A,103.74,103.74,103.74
06/06/2014,101.66,N/A,101.66,101.66,101.66
06/05/2014,101.54,N/A,101.54,101.54,101.54
06/04/2014,101.64,N/A,101.64,101.64,101.64
06/03/2014,101.68,N/A,101.68,101.68,101.68
06/02/2014,101.5,N/A,101.5,101.5,101.5
05/30/2014,101.79,N/A,101.79,101.79,101.79
05/29/2014,101.84,N/A,101.84,101.84,101.84
05/28/2014,101.75,N/A,101.75,101.75,101.75
05/27/2014,101.95,N/A,101.95,101.95,101.95
05/26/2014,102,N/A,102,102,102
05/23/2014,102,N/A,102,102,102
05/22/2014,101.85,N/A,101.85,101.85,101.85
05/21/2014,101.95,N/A,101.95,101.95,101.95
05/20/2014,101.37,N/A,101.37,101.37,101.37
05/19/2014,101.3,N/A,101.3,101.3,101.3
05/16/2014,101.07,N/A,101.07,101.07,101.07
05/15/2014,100.85,N/A,100.85,100.85,100.85
05/14/2014,101.21,N/A,101.21,101.21,101.21
05/13/2014,100.82,N/A,100.82,100.82,100.82
05/12/2014,100.14,N/A,100.14,100.14,100.14
05/09/2014,99.73,N/A,99.73,99.73,99.73
05/08/2014,99.91,N/A,99.91,99.91,99.91
05/07/2014,100.27,N/A,100.27,100.27,100.27
05/06/2014,99.22,N/A,99.22,99.22,99.22
05/05/2014,99.24,N/A,99.24,99.24,99.24
05/02/2014,99.5,N/A,99.5,99.5,99.5
05/01/2014,99.2,N/A,99.2,99.2,99.2
04/30/2014,99.53,N/A,99.53,99.53,99.53
04/29/2014,101.05,N/A,101.05,101.05,101.05
04/28/2014,100.6,N/A,100.6,100.6,100.6
04/25/2014,102.03,N/A,102.03,102.03,102.03
04/24/2014,102.29,N/A,102.29,102.29,102.29
04/23/2014,102.17,N/A,102.17,102.17,102.17
04/22/2014,102.26,N/A,102.26,102.26,102.26
04/21/2014,102.91,N/A,102.91,102.91,102.91
04/18/2014,103.05,N/A,103.05,103.05,103.05
04/17/2014,103.05,N/A,103.05,103.05,103.05
04/16/2014,102.75,N/A,102.75,102.75,102.75
04/15/2014,102.7,N/A,102.7,102.7,102.7
04/14/2014,102.91,N/A,102.91,102.91,102.91
04/11/2014,102.27,N/A,102.27,102.27,102.27
04/10/2014,102.05,N/A,102.05,102.05,102.05
04/09/2014,102.33,N/A,102.33,102.33,102.33
04/08/2014,101.53,N/A,101.53,101.53,101.53
04/07/2014,99.53,N/A,99.53,99.53,99.53
04/04/2014,100.18,N/A,100.18,100.18,100.18
04/03/2014,99.37,N/A,99.37,99.37,99.37
04/02/2014,99.42,N/A,99.42,99.42,99.42
04/01/2014,99.54,N/A,99.54,99.54,99.54
03/31/2014,101.36,N/A,101.36,101.36,101.36
03/28/2014,101.45,N/A,101.45,101.45,101.45
03/27/2014,101.07,N/A,101.07,101.07,101.07
03/26/2014,100.33,N/A,100.33,100.33,100.33
03/25/2014,100.13,N/A,100.13,100.13,100.13
03/24/2014,100.22,N/A,100.22,100.22,100.22
03/21/2014,100.18,N/A,100.18,100.18,100.18
03/20/2014,100,N/A,100,100,100
03/19/2014,98.88,N/A,98.88,98.88,98.88
03/18/2014,98.63,N/A,98.63,98.63,98.63
03/17/2014,97.43,N/A,97.43,97.43,97.43
03/14/2014,98.4,N/A,98.4,98.4,98.4
03/13/2014,97.77,N/A,97.77,97.77,97.77
03/12/2014,97.51,N/A,97.51,97.51,97.51
03/11/2014,99.38,N/A,99.38,99.38,99.38
03/10/2014,100.35,N/A,100.35,100.35,100.35
03/07/2014,101.73,N/A,101.73,101.73,101.73
03/06/2014,100.77,N/A,100.77,100.77,100.77
03/05/2014,100.63,N/A,100.63,100.63,100.63
03/04/2014,102.4,N/A,102.4,102.4,102.4
03/03/2014,103.92,N/A,103.92,103.92,103.92
02/28/2014,100.68,N/A,100.68,100.68,100.68
02/27/2014,100.67,N/A,100.67,100.67,100.67
02/26/2014,100.69,N/A,100.69,100.69,100.69
02/25/2014,100.57,N/A,100.57,100.57,100.57
02/24/2014,100.77,N/A,100.77,100.77,100.77
02/21/2014,100.61,N/A,100.61,100.61,100.61
02/20/2014,100.78,N/A,100.78,100.78,100.78
02/19/2014,100.83,N/A,100.83,100.83,100.83
02/18/2014,100.51,N/A,100.51,100.51,100.51
02/17/2014,99.55,N/A,99.55,99.55,99.55
02/14/2014,99.55,N/A,99.55,99.55,99.55
02/13/2014,99.53,N/A,99.53,99.53,99.53
02/12/2014,99.5,N/A,99.5,99.5,99.5
02/11/2014,99.21,N/A,99.21,99.21,99.21
02/10/2014,99.25,N/A,99.25,99.25,99.25
02/07/2014,99.15,N/A,99.15,99.15,99.15
02/06/2014,97.54,N/A,97.54,97.54,97.54
02/05/2014,97.12,N/A,97.12,97.12,97.12
02/04/2014,96.92,N/A,96.92,96.92,96.92
02/03/2014,96.21,N/A,96.21,96.21,96.21
01/31/2014,97.24,N/A,97.24,97.24,97.24
01/30/2014,98.05,N/A,98.05,98.05,98.05
01/29/2014,97.21,N/A,97.21,97.21,97.21
01/28/2014,97.27,N/A,97.27,97.27,97.27
01/27/2014,95.61,N/A,95.61,95.61,95.61
01/24/2014,96.51,N/A,96.51,96.51,96.51
01/23/2014,97.14,N/A,97.14,97.14,97.14
01/22/2014,96.62,N/A,96.62,96.62,96.62
01/21/2014,94.92,N/A,94.92,94.92,94.92
01/20/2014,94.54,N/A,94.54,94.54,94.54
01/17/2014,94.54,N/A,94.54,94.54,94.54
01/16/2014,94.04,N/A,94.04,94.04,94.04
01/15/2014,94.3,N/A,94.3,94.3,94.3
01/14/2014,92.74,N/A,92.74,92.74,92.74
01/13/2014,92,N/A,92,92,92
01/10/2014,92.94,N/A,92.94,92.94,92.94
01/09/2014,91.89,N/A,91.89,91.89,91.89
01/08/2014,92.51,N/A,92.51,92.51,92.51
01/07/2014,93.8,N/A,93.8,93.8,93.8
01/06/2014,93.56,N/A,93.56,93.56,93.56
01/03/2014,95.51,N/A,95.51,95.51,95.51
01/02/2014,95.51,N/A,95.51,95.51,95.51
01/01/2014,97.89,N/A,97.89,97.89,97.89
12/31/2013,97.89,N/A,97.89,97.89,97.89
12/30/2013,97.94,N/A,97.94,97.94,97.94
12/27/2013,98.03,N/A,98.03,98.03,98.03
12/26/2013,97.92,N/A,97.92,97.92,97.92
12/25/2013,97.86,N/A,97.86,97.86,97.86
12/24/2013,97.86,N/A,97.86,97.86,97.86
12/23/2013,97.79,N/A,97.79,97.79,97.79
12/20/2013,97.9,N/A,97.9,97.9,97.9
12/19/2013,97.81,N/A,97.81,97.81,97.81
12/18/2013,97.44,N/A,97.44,97.44,97.44
12/17/2013,97.19,N/A,97.19,97.19,97.19
12/16/2013,97.32,N/A,97.32,97.32,97.32
12/13/2013,96.88,N/A,96.88,96.88,96.88
12/12/2013,97.39,N/A,97.39,97.39,97.39
12/11/2013,97.34,N/A,97.34,97.34,97.34
12/10/2013,98.01,N/A,98.01,98.01,98.01
12/09/2013,97.19,N/A,97.19,97.19,97.19
12/06/2013,97.44,N/A,97.44,97.44,97.44
12/05/2013,97.21,N/A,97.21,97.21,97.21
12/04/2013,97.06,N/A,97.06,97.06,97.06
12/03/2013,96.01,N/A,96.01,96.01,96.01
12/02/2013,93.91,N/A,93.91,93.91,93.91
11/29/2013,92.82,43,92.82,92.82,92.82
11/28/2013,92.41,N/A,92.41,92.41,92.41
11/27/2013,92.41,2102,92.41,92.41,92.41
11/26/2013,93.79,489,93.79,93.79,93.79
11/25/2013,94.19,131,94.19,94.19,94.19
11/22/2013,94.94,84,94.94,94.94,94.94
11/21/2013,95.52,N/A,95.52,95.52,95.52
11/20/2013,93.94,574,93.94,93.94,93.94
11/19/2013,93.98,152,93.98,93.98,93.98
11/18/2013,93.79,N/A,93.79,93.79,93.79
11/15/2013,94.6,N/A,94.6,94.6,94.6
11/14/2013,94.53,13,94.53,94.53,94.53
11/13/2013,94.58,49,94.58,94.58,94.58
11/12/2013,93.61,3,93.61,93.61,93.61
11/11/2013,95.52,N/A,95.52,95.52,95.52
11/08/2013,95,884,95,95,95
11/07/2013,94.58,N/A,94.58,94.58,94.58
11/06/2013,95.18,109,95.18,95.18,95.18
11/05/2013,93.79,225,93.79,93.79,93.79
11/04/2013,95.03,N/A,95.03,95.03,95.03
11/01/2013,94.72,195,94.72,94.72,94.72
10/31/2013,96.46,1199,96.46,96.46,96.46
10/30/2013,96.86,N/A,96.86,96.86,96.86
10/29/2013,98.25,764,98.25,98.25,98.25
10/28/2013,98.73,645,98.73,98.73,98.73
10/25/2013,100.61,N/A,100.61,100.61,100.61
10/24/2013,97.15,1,97.15,97.15,97.15
10/23/2013,96.9,293,96.9,96.9,96.9
10/22/2013,98.35,190,98.35,98.35,98.35
10/21/2013,99.7,62,99.7,99.7,99.7
10/18/2013,101.07,141,101.07,101.07,101.07
10/17/2013,100.8,339,100.8,100.8,100.8
10/16/2013,102.44,110,102.44,102.44,102.44
10/15/2013,101.36,36,101.36,101.36,101.36
10/14/2013,102.41,242,102.41,102.41,102.41
10/11/2013,102,316,102,102,102
10/10/2013,102.77,150,102.77,102.77,102.77
10/09/2013,101.29,56,101.29,101.29,101.29
10/08/2013,103.16,N/A,103.16,103.16,103.16
10/07/2013,102.68,360,102.68,102.68,102.68
10/04/2013,103.32,188,103.32,103.32,103.32
10/03/2013,102.75,118,102.75,102.75,102.75
10/02/2013,103.87,121,103.87,103.87,103.87
10/01/2013,101.93,2373,101.93,101.93,101.93
09/30/2013,106.24,N/A,106.24,106.24,106.24
09/27/2013,106.26,N/A,106.26,106.26,106.26
09/26/2013,106.28,N/A,106.28,106.28,106.28
09/25/2013,106.22,N/A,106.22,106.22,106.22
09/24/2013,106.32,3,106.32,106.32,106.32
09/23/2013,106.43,N/A,106.43,106.43,106.43
09/20/2013,106.78,N/A,106.78,106.78,106.78
09/19/2013,107.2,N/A,107.2,107.2,107.2
09/18/2013,107.79,N/A,107.79,107.79,107.79
09/17/2013,106.66,N/A,106.66,106.66,106.66
09/16/2013,107.3,N/A,107.3,107.3,107.3
09/13/2013,108.11,N/A,108.11,108.11,108.11
09/12/2013,108.29,40,108.29,108.29,108.29
09/11/2013,107.6,10,107.6,107.6,107.6
09/10/2013,107.48,10,107.48,107.48,107.48
09/09/2013,109.03,N/A,109.03,109.03,109.03
09/06/2013,109.85,N/A,109.85,109.85,109.85
09/05/2013,108.11,910,108.11,108.11,108.11
09/04/2013,107.1,5,107.1,107.1,107.1
09/03/2013,108.33,N/A,108.33,108.33,108.33
09/02/2013,106.54,N/A,106.54,106.54,106.54
08/30/2013,106.54,N/A,106.54,106.54,106.54
08/29/2013,106.59,50,106.59,106.59,106.59
08/28/2013,106.71,N/A,106.71,106.71,106.71
08/27/2013,106.56,10,106.56,106.56,106.56
08/26/2013,106,N/A,106,106,106
08/23/2013,106.11,N/A,106.11,106.11,106.11
08/22/2013,105.73,N/A,105.73,105.73,105.73
08/21/2013,105.36,N/A,105.36,105.36,105.36
08/20/2013,105.82,66,105.82,105.82,105.82
08/19/2013,106.55,N/A,106.55,106.55,106.55
08/16/2013,106.74,50,106.74,106.74,106.74
08/15/2013,106.68,N/A,106.68,106.68,106.68
08/14/2013,106.37,224,106.37,106.37,106.37
08/13/2013,106.31,50,106.31,106.31,106.31
08/12/2013,105.79,45,105.79,105.79,105.79
08/09/2013,105.61,N/A,105.61,105.61,105.61
08/08/2013,103.85,60,103.85,103.85,103.85
08/07/2013,104.62,N/A,104.62,104.62,104.62
08/06/2013,105.35,875,105.35,105.35,105.35
08/05/2013,106.4,N/A,106.4,106.4,106.4
08/02/2013,106.73,N/A,106.73,106.73,106.73
08/01/2013,107.54,539,107.54,107.54,107.54
07/31/2013,104.7,N/A,104.7,104.7,104.7
07/30/2013,104.61,N/A,104.61,104.61,104.61
07/29/2013,104.74,N/A,104.74,104.74,104.74
07/26/2013,104.76,N/A,104.76,104.76,104.76
07/25/2013,104.91,N/A,104.91,104.91,104.91
07/24/2013,104.89,N/A,104.89,104.89,104.89
07/23/2013,105.39,N/A,105.39,105.39,105.39
07/22/2013,105.29,589,105.29,105.29,105.29
07/19/2013,105.64,N/A,105.64,105.64,105.64
07/18/2013,105.62,N/A,105.62,105.62,105.62
07/17/2013,104.95,52,104.95,104.95,104.95
07/16/2013,104.65,N/A,104.65,104.65,104.65
07/15/2013,104.79,N/A,104.79,104.79,104.79
07/12/2013,104.58,65,104.58,104.58,104.58
07/11/2013,103.87,15,103.87,103.87,103.87
07/10/2013,104.85,N/A,104.85,104.85,104.85
07/09/2013,102.89,26,102.89,102.89,102.89
07/08/2013,102.62,35,102.62,102.62,102.62
07/05/2013,102.67,N/A,102.67,102.67,102.67
07/04/2013,100.98,N/A,100.98,100.98,100.98
07/03/2013,100.98,46,100.98,100.98,100.98
07/02/2013,99.47,25,99.47,99.47,99.47
07/01/2013,97.96,20,97.96,97.96,97.96
06/28/2013,95.8,N/A,95.8,95.8,95.8
06/27/2013,95.83,N/A,95.83,95.83,95.83
06/26/2013,95.67,N/A,95.67,95.67,95.67
06/25/2013,95.64,N/A,95.64,95.64,95.64
06/24/2013,95.62,N/A,95.62,95.62,95.62
06/21/2013,95.24,N/A,95.24,95.24,95.24
06/20/2013,95.68,N/A,95.68,95.68,95.68
06/19/2013,96.82,120,96.82,96.82,96.82
06/18/2013,96.9,7,96.9,96.9,96.9
06/17/2013,96.61,20,96.61,96.61,96.61
06/14/2013,96.63,60,96.63,96.63,96.63
06/13/2013,96,180,96,96,96
06/12/2013,95.51,N/A,95.51,95.51,95.51
06/11/2013,95.19,N/A,95.19,95.19,95.19
06/10/2013,95.46,N/A,95.46,95.46,95.46
06/07/2013,95.66,N/A,95.66,95.66,95.66
06/06/2013,94.64,N/A,94.64,94.64,94.64
06/05/2013,93.77,N/A,93.77,93.77,93.77
06/04/2013,93.39,40,93.39,93.39,93.39
06/03/2013,93.52,319,93.52,93.52,93.52
05/31/2013,94.8,N/A,94.8,94.8,94.8
05/30/2013,94.87,N/A,94.87,94.87,94.87
05/29/2013,94.83,N/A,94.83,94.83,94.83
05/28/2013,95.09,N/A,95.09,95.09,95.09
05/27/2013,94.93,N/A,94.93,94.93,94.93
05/24/2013,94.93,15,94.93,94.93,94.93
05/23/2013,94.95,N/A,94.95,94.95,94.95
05/22/2013,94.96,N/A,94.96,94.96,94.96
05/21/2013,95.57,N/A,95.57,95.57,95.57
05/20/2013,95.83,N/A,95.83,95.83,95.83
05/17/2013,95.56,N/A,95.56,95.56,95.56
05/16/2013,95.18,N/A,95.18,95.18,95.18
05/15/2013,94.74,N/A,94.74,94.74,94.74
05/14/2013,94.69,N/A,94.69,94.69,94.69
05/13/2013,95.25,N/A,95.25,95.25,95.25
05/10/2013,95.81,N/A,95.81,95.81,95.81
05/09/2013,96.05,230,96.05,96.05,96.05
05/08/2013,96.21,10,96.21,96.21,96.21
05/07/2013,95.44,N/A,95.44,95.44,95.44
05/06/2013,95.88,N/A,95.88,95.88,95.88
05/03/2013,95.4,132,95.4,95.4,95.4
05/02/2013,93.92,41,93.92,93.92,93.92
05/01/2013,91.1,250,91.1,91.1,91.1
04/30/2013,92.07,N/A,92.07,92.07,92.07
04/29/2013,92.12,N/A,92.12,92.12,92.12
04/26/2013,91.98,N/A,91.98,91.98,91.98
04/25/2013,92.07,62,92.07,92.07,92.07
04/24/2013,91.66,37,91.66,91.66,91.66
04/23/2013,91.15,N/A,91.15,91.15,91.15
04/22/2013,91.16,N/A,91.16,91.16,91.16
04/19/2013,90.87,15,90.87,90.87,90.87
04/18/2013,90.77,N/A,90.77,90.77,90.77
04/17/2013,90.35,145,90.35,90.35,90.35
04/16/2013,91.28,N/A,91.28,91.28,91.28
04/15/2013,91.28,N/A,91.28,91.28,91.28
04/12/2013,92.69,N/A,92.69,92.69,92.69
04/11/2013,94,40,94,94,94
04/10/2013,94.72,355,94.72,94.72,94.72
04/09/2013,94.41,60,94.41,94.41,94.41
04/08/2013,93.81,20,93.81,93.81,93.81
04/05/2013,93.29,N/A,93.29,93.29,93.29
04/04/2013,93.75,N/A,93.75,93.75,93.75
04/03/2013,94.78,3119,94.78,94.78,94.78
04/02/2013,97.27,189,97.27,97.27,97.27
04/01/2013,97.15,494,97.15,97.15,97.15
03/29/2013,92.96,N/A,92.96,92.96,92.96
03/28/2013,92.96,N/A,92.96,92.96,92.96
03/27/2013,92.92,39,92.92,92.92,92.92
03/26/2013,92.9,40,92.9,92.9,92.9
03/25/2013,92.67,N/A,92.67,92.67,92.67
03/22/2013,92.45,9,92.45,92.45,92.45
03/21/2013,92.14,N/A,92.14,92.14,92.14
03/20/2013,92.45,N/A,92.45,92.45,92.45
03/19/2013,92.12,N/A,92.12,92.12,92.12
03/18/2013,92.75,N/A,92.75,92.75,92.75
03/15/2013,92.62,50,92.62,92.62,92.62
03/14/2013,92.41,10,92.41,92.41,92.41
03/13/2013,92.13,N/A,92.13,92.13,92.13
03/12/2013,92.15,15,92.15,92.15,92.15
03/11/2013,91.86,195,91.86,91.86,91.86
03/08/2013,91.79,100,91.79,91.79,91.79
03/07/2013,91.49,10,91.49,91.49,91.49
03/06/2013,90.59,20,90.59,90.59,90.59
03/05/2013,90.92,741,90.92,90.92,90.92
03/04/2013,90.29,13,90.29,90.29,90.29
03/01/2013,90.82,1194,90.82,90.82,90.82
02/28/2013,92.17,332,92.17,92.17,92.17
02/27/2013,92.88,565,92.88,92.88,92.88
02/26/2013,92.76,192,92.76,92.76,92.76
02/25/2013,93.24,N/A,93.24,93.24,93.24
02/22/2013,93.26,115,93.26,93.26,93.26
02/21/2013,92.97,306,92.97,92.97,92.97
02/20/2013,95.35,5,95.35,95.35,95.35
02/19/2013,97.23,113,97.23,97.23,97.23
02/18/2013,96.56,N/A,96.56,96.56,96.56
02/15/2013,96.56,115,96.56,96.56,96.56
02/14/2013,98.05,55,98.05,98.05,98.05
02/13/2013,97.76,112,97.76,97.76,97.76
02/12/2013,98.23,106,98.23,98.23,98.23
02/11/2013,97.74,20,97.74,97.74,97.74
02/08/2013,96.44,224,96.44,96.44,96.44
02/07/2013,96.51,N/A,96.51,96.51,96.51
02/06/2013,97.23,126,97.23,97.23,97.23
02/05/2013,96.82,100,96.82,96.82,96.82
02/04/2013,96.41,2264,96.41,96.41,96.41
02/01/2013,97.92,1583,97.92,97.92,97.92
01/31/2013,94.83,N/A,94.83,94.83,94.83
01/30/2013,94.85,N/A,94.85,94.85,94.85
01/29/2013,94.81,N/A,94.81,94.81,94.81
01/28/2013,94.65,N/A,94.65,94.65,94.65
01/25/2013,94.55,20,94.55,94.55,94.55
01/24/2013,94.56,N/A,94.56,94.56,94.56
01/23/2013,94.36,45,94.36,94.36,94.36
01/22/2013,94.84,N/A,94.84,94.84,94.84
01/21/2013,94.6,N/A,94.6,94.6,94.6
01/18/2013,94.6,218,94.6,94.6,94.6
01/17/2013,94.56,N/A,94.56,94.56,94.56
01/16/2013,93.96,10,93.96,93.96,93.96
01/15/2013,93.45,165,93.45,93.45,93.45
01/14/2013,93.95,N/A,93.95,93.95,93.95
01/11/2013,93.58,N/A,93.58,93.58,93.58
01/10/2013,93.76,155,93.76,93.76,93.76
01/09/2013,93.25,N/A,93.25,93.25,93.25
01/08/2013,93.29,N/A,93.29,93.29,93.29
01/07/2013,93.32,30,93.32,93.32,93.32
01/04/2013,93.22,N/A,93.22,93.22,93.22
01/03/2013,93.07,14,93.07,93.07,93.07
01/02/2013,93.26,2580,93.26,93.26,93.26
01/01/2013,88.25,N/A,88.25,88.25,88.25
12/31/2012,88.25,N/A,88.25,88.25,88.25
12/28/2012,88.19,N/A,88.19,88.19,88.19
12/27/2012,88.2,N/A,88.2,88.2,88.2
12/26/2012,88.22,N/A,88.22,88.22,88.22
12/25/2012,87.74,N/A,87.74,87.74,87.74
12/24/2012,87.74,N/A,87.74,87.74,87.74
12/21/2012,87.76,N/A,87.76,87.76,87.76
12/20/2012,88.2,375,88.2,88.2,88.2
12/19/2012,88.15,N/A,88.15,88.15,88.15
12/18/2012,87.51,N/A,87.51,87.51,87.51
12/17/2012,87.18,N/A,87.18,87.18,87.18
12/14/2012,86.97,N/A,86.97,86.97,86.97
12/13/2012,86.52,10,86.52,86.52,86.52
12/12/2012,87.04,N/A,87.04,87.04,87.04
12/11/2012,86.4,187,86.4,86.4,86.4
12/10/2012,86.24,N/A,86.24,86.24,86.24
12/07/2012,86.53,N/A,86.53,86.53,86.53
12/06/2012,86.8,276,86.8,86.8,86.8
12/05/2012,88.18,49,88.18,88.18,88.18
12/04/2012,88.73,294,88.73,88.73,88.73
12/03/2012,89.3,718,89.3,89.3,89.3
11/30/2012,89.11,149,89.11,89.11,89.11
11/29/2012,88.28,84,88.28,88.28,88.28
11/28/2012,86.71,818,86.71,86.71,86.71
11/27/2012,87.4,650,87.4,87.4,87.4
11/26/2012,87.96,18,87.96,87.96,87.96
11/23/2012,88.5,N/A,88.5,88.5,88.5
11/22/2012,87.59,N/A,87.59,87.59,87.59
11/21/2012,87.59,N/A,87.59,87.59,87.59
11/20/2012,86.96,254,86.96,86.96,86.96
11/19/2012,89.46,284,89.46,89.46,89.46
11/16/2012,87.11,52,87.11,87.11,87.11
11/15/2012,86.07,N/A,86.07,86.07,86.07
11/14/2012,86.95,182,86.95,86.95,86.95
11/13/2012,86.06,N/A,86.06,86.06,86.06
11/12/2012,86.29,139,86.29,86.29,86.29
11/09/2012,86.76,34,86.76,86.76,86.76
11/08/2012,85.76,N/A,85.76,85.76,85.76
11/07/2012,85.12,2,85.12,85.12,85.12
11/06/2012,89.37,334,89.37,89.37,89.37
11/05/2012,86.35,N/A,86.35,86.35,86.35
11/02/2012,85.2,262,85.2,85.2,85.2
11/01/2012,87.3,879,87.3,87.3,87.3
10/31/2012,89.57,N/A,89.57,89.57,89.57
10/30/2012,89.53,N/A,89.53,89.53,89.53
10/29/2012,89.53,N/A,89.53,89.53,89.53
10/26/2012,89.55,N/A,89.55,89.55,89.55
10/25/2012,89.59,26,89.59,89.59,89.59
10/24/2012,89.52,70,89.52,89.52,89.52
10/23/2012,86.91,25,86.91,86.91,86.91
10/22/2012,88.88,240,88.88,88.88,88.88
10/19/2012,90.67,2,90.67,90.67,90.67
10/18/2012,92.74,571,92.74,92.74,92.74
10/17/2012,92.8,110,92.8,92.8,92.8
10/16/2012,92.75,174,92.75,92.75,92.75
10/15/2012,92.54,60,92.54,92.54,92.54
10/12/2012,91.66,N/A,91.66,91.66,91.66
10/11/2012,91.79,N/A,91.79,91.79,91.79
10/10/2012,91.24,N/A,91.24,91.24,91.24
10/09/2012,92.03,N/A,92.03,92.03,92.03
10/08/2012,89.78,N/A,89.78,89.78,89.78
